<?xml version="1.0" encoding="UTF-8"?><?xml-stylesheet type='text/xsl' href='_UpgradeReport_Files/UpgradeReport.xslt'?><UpgradeLog>
<Properties><Property Name="Solution" Value="CxImgLib">
</Property><Property Name="解决方案文件" Value="E:\MyLibrary\DuiLib\3rd\CxImage\cximage701_full\CxImgLib.sln">
</Property><Property Name="Date" Value="2020年3月31日">
</Property><Property Name="Time" Value="21:00">
</Property></Properties><Event ErrorLevel="0" Project="cximage" Source="cximage\cximage.vcproj" Description="Converting project file 'E:\MyLibrary\DuiLib\3rd\CxImage\cximage701_full\cximage\cximage.vcproj'.">
</Event><Event ErrorLevel="1" Project="cximage" Source="cximage\cximage.vcproj" Description="This application has been updated to include settings related to the User Account Control (UAC) feature of Windows Vista. By default, when run on Windows Vista with UAC enabled, this application is marked to run with the same privileges as the process that launched it. This marking also disables the application from running with virtualization. You can change UAC related settings from the Property Pages of the project.">
</Event><Event ErrorLevel="1" Project="cximage" Source="cximage\cximage.vcproj" Description="VCWebServiceProxyGeneratorTool is no longer supported. The tool has been removed from your project settings.">
</Event><Event ErrorLevel="1" Project="cximage" Source="cximage\cximage.vcproj" Description="MSB8012: $(TargetPath) ('E:\MyLibrary\DuiLib\3rd\CxImage\cximage701_full\CxImage\.\Release\cximage.lib') does not match the Librarian's OutputFile property value '.\Release\cximage.lib' ('E:\MyLibrary\DuiLib\3rd\CxImage\cximage701_full\Release\cximage.lib') in project configuration 'Release|Win32'. This may cause your project to build incorrectly. To correct this, please make sure that $(TargetPath) property value matches the value specified in %(Lib.OutputFile).">
</Event><Event ErrorLevel="1" Project="cximage" Source="cximage\cximage.vcproj" Description="MSB8012: $(TargetPath) ('E:\MyLibrary\DuiLib\3rd\CxImage\cximage701_full\CxImage\x64\Release\cximage.lib') does not match the Librarian's OutputFile property value '.\Release\cximage.lib' ('E:\MyLibrary\DuiLib\3rd\CxImage\cximage701_full\Release\cximage.lib') in project configuration 'Release|x64'. This may cause your project to build incorrectly. To correct this, please make sure that $(TargetPath) property value matches the value specified in %(Lib.OutputFile).">
</Event><Event ErrorLevel="1" Project="cximage" Source="cximage\cximage.vcproj" Description="MSB8012: $(TargetPath) ('E:\MyLibrary\DuiLib\3rd\CxImage\cximage701_full\CxImage\.\Unicode_Debug\cximage.lib') does not match the Librarian's OutputFile property value '.\Unicode_Debug\cximage.lib' ('E:\MyLibrary\DuiLib\3rd\CxImage\cximage701_full\Unicode_Debug\cximage.lib') in project configuration 'Unicode Debug|Win32'. This may cause your project to build incorrectly. To correct this, please make sure that $(TargetPath) property value matches the value specified in %(Lib.OutputFile).">
</Event><Event ErrorLevel="1" Project="cximage" Source="cximage\cximage.vcproj" Description="MSB8012: $(TargetPath) ('E:\MyLibrary\DuiLib\3rd\CxImage\cximage701_full\CxImage\x64\Unicode Debug\cximage.lib') does not match the Librarian's OutputFile property value '.\Unicode_Debug\cximage.lib' ('E:\MyLibrary\DuiLib\3rd\CxImage\cximage701_full\Unicode_Debug\cximage.lib') in project configuration 'Unicode Debug|x64'. This may cause your project to build incorrectly. To correct this, please make sure that $(TargetPath) property value matches the value specified in %(Lib.OutputFile).">
</Event><Event ErrorLevel="1" Project="cximage" Source="cximage\cximage.vcproj" Description="MSB8012: $(TargetPath) ('E:\MyLibrary\DuiLib\3rd\CxImage\cximage701_full\CxImage\.\Unicode_Release\cximage.lib') does not match the Librarian's OutputFile property value '.\Unicode_Release\cximage.lib' ('E:\MyLibrary\DuiLib\3rd\CxImage\cximage701_full\Unicode_Release\cximage.lib') in project configuration 'Unicode Release|Win32'. This may cause your project to build incorrectly. To correct this, please make sure that $(TargetPath) property value matches the value specified in %(Lib.OutputFile).">
</Event><Event ErrorLevel="1" Project="cximage" Source="cximage\cximage.vcproj" Description="MSB8012: $(TargetPath) ('E:\MyLibrary\DuiLib\3rd\CxImage\cximage701_full\CxImage\x64\Unicode Release\cximage.lib') does not match the Librarian's OutputFile property value '.\Unicode_Release\cximage.lib' ('E:\MyLibrary\DuiLib\3rd\CxImage\cximage701_full\Unicode_Release\cximage.lib') in project configuration 'Unicode Release|x64'. This may cause your project to build incorrectly. To correct this, please make sure that $(TargetPath) property value matches the value specified in %(Lib.OutputFile).">
</Event><Event ErrorLevel="1" Project="cximage" Source="cximage\cximage.vcproj" Description="MSB8012: $(TargetPath) ('E:\MyLibrary\DuiLib\3rd\CxImage\cximage701_full\CxImage\.\Debug\cximage.lib') does not match the Librarian's OutputFile property value '.\Debug\cximage.lib' ('E:\MyLibrary\DuiLib\3rd\CxImage\cximage701_full\Debug\cximage.lib') in project configuration 'Debug|Win32'. This may cause your project to build incorrectly. To correct this, please make sure that $(TargetPath) property value matches the value specified in %(Lib.OutputFile).">
</Event><Event ErrorLevel="1" Project="cximage" Source="cximage\cximage.vcproj" Description="MSB8012: $(TargetPath) ('E:\MyLibrary\DuiLib\3rd\CxImage\cximage701_full\CxImage\x64\Debug\cximage.lib') does not match the Librarian's OutputFile property value '.\Debug\cximage.lib' ('E:\MyLibrary\DuiLib\3rd\CxImage\cximage701_full\Debug\cximage.lib') in project configuration 'Debug|x64'. This may cause your project to build incorrectly. To correct this, please make sure that $(TargetPath) property value matches the value specified in %(Lib.OutputFile).">
</Event><Event ErrorLevel="0" Project="cximage" Source="cximage\cximage.vcproj" Description="Done converting to new project file 'E:\MyLibrary\DuiLib\3rd\CxImage\cximage701_full\cximage\cximage.vcxproj'.">
</Event><Event ErrorLevel="3" Project="cximage" Source="cximage\cximage.vcproj" Description="Converted">
</Event><Event ErrorLevel="0" Project="CxImageCrtDll" Source="CxImage\CxImageDLL\CxImageCrtDll.vcproj" Description="Converting project file 'E:\MyLibrary\DuiLib\3rd\CxImage\cximage701_full\CxImage\CxImageDLL\CxImageCrtDll.vcproj'.">
</Event><Event ErrorLevel="1" Project="CxImageCrtDll" Source="CxImage\CxImageDLL\CxImageCrtDll.vcproj" Description="This application has been updated to include settings related to the User Account Control (UAC) feature of Windows Vista. By default, when run on Windows Vista with UAC enabled, this application is marked to run with the same privileges as the process that launched it. This marking also disables the application from running with virtualization. You can change UAC related settings from the Property Pages of the project.">
</Event><Event ErrorLevel="1" Project="CxImageCrtDll" Source="CxImage\CxImageDLL\CxImageCrtDll.vcproj" Description="VCWebServiceProxyGeneratorTool is no longer supported. The tool has been removed from your project settings.">
</Event><Event ErrorLevel="0" Project="CxImageCrtDll" Source="CxImage\CxImageDLL\CxImageCrtDll.vcproj" Description="Web deployment to the local IIS server is no longer supported. The Web Deployment build tool has been removed from your project settings.">
</Event><Event ErrorLevel="1" Project="CxImageCrtDll" Source="CxImage\CxImageDLL\CxImageCrtDll.vcproj" Description="MSB8012: $(TargetName) ('CxImageCrtDll') does not match the Linker's OutputFile property value '../../bin/cximagecrtdu.dll' ('cximagecrtdu') in project configuration 'Unicode Debug|Win32'. This may cause your project to build incorrectly. To correct this, please make sure that $(TargetName) property value matches the value specified in %(Link.OutputFile).">
</Event><Event ErrorLevel="1" Project="CxImageCrtDll" Source="CxImage\CxImageDLL\CxImageCrtDll.vcproj" Description="MSB8012: $(TargetPath) ('E:\MyLibrary\DuiLib\3rd\CxImage\cximage701_full\CxImage\CxImageDLL\.\Unicode_Debug\CxImageCrtDll.dll') does not match the Linker's OutputFile property value '../../bin/cximagecrtdu.dll' ('E:\MyLibrary\DuiLib\3rd\CxImage\cximage701_full\../../bin/cximagecrtdu.dll') in project configuration 'Unicode Debug|Win32'. This may cause your project to build incorrectly. To correct this, please make sure that $(TargetPath) property value matches the value specified in %(Link.OutputFile).">
</Event><Event ErrorLevel="1" Project="CxImageCrtDll" Source="CxImage\CxImageDLL\CxImageCrtDll.vcproj" Description="MSB8012: $(TargetName) ('CxImageCrtDll') does not match the Linker's OutputFile property value '../../bin/cximagecrtdu.dll' ('cximagecrtdu') in project configuration 'Unicode Debug|x64'. This may cause your project to build incorrectly. To correct this, please make sure that $(TargetName) property value matches the value specified in %(Link.OutputFile).">
</Event><Event ErrorLevel="1" Project="CxImageCrtDll" Source="CxImage\CxImageDLL\CxImageCrtDll.vcproj" Description="MSB8012: $(TargetPath) ('E:\MyLibrary\DuiLib\3rd\CxImage\cximage701_full\CxImage\CxImageDLL\x64\Unicode Debug\CxImageCrtDll.dll') does not match the Linker's OutputFile property value '../../bin/cximagecrtdu.dll' ('E:\MyLibrary\DuiLib\3rd\CxImage\cximage701_full\../../bin/cximagecrtdu.dll') in project configuration 'Unicode Debug|x64'. This may cause your project to build incorrectly. To correct this, please make sure that $(TargetPath) property value matches the value specified in %(Link.OutputFile).">
</Event><Event ErrorLevel="1" Project="CxImageCrtDll" Source="CxImage\CxImageDLL\CxImageCrtDll.vcproj" Description="MSB8012: $(TargetName) ('CxImageCrtDll') does not match the Linker's OutputFile property value '../../bin/cximagecrtd.dll' ('cximagecrtd') in project configuration 'Debug|Win32'. This may cause your project to build incorrectly. To correct this, please make sure that $(TargetName) property value matches the value specified in %(Link.OutputFile).">
</Event><Event ErrorLevel="1" Project="CxImageCrtDll" Source="CxImage\CxImageDLL\CxImageCrtDll.vcproj" Description="MSB8012: $(TargetPath) ('E:\MyLibrary\DuiLib\3rd\CxImage\cximage701_full\CxImage\CxImageDLL\.\Debug\CxImageCrtDll.dll') does not match the Linker's OutputFile property value '../../bin/cximagecrtd.dll' ('E:\MyLibrary\DuiLib\3rd\CxImage\cximage701_full\../../bin/cximagecrtd.dll') in project configuration 'Debug|Win32'. This may cause your project to build incorrectly. To correct this, please make sure that $(TargetPath) property value matches the value specified in %(Link.OutputFile).">
</Event><Event ErrorLevel="1" Project="CxImageCrtDll" Source="CxImage\CxImageDLL\CxImageCrtDll.vcproj" Description="MSB8012: $(TargetName) ('CxImageCrtDll') does not match the Linker's OutputFile property value '../../bin/cximagecrtd.dll' ('cximagecrtd') in project configuration 'Debug|x64'. This may cause your project to build incorrectly. To correct this, please make sure that $(TargetName) property value matches the value specified in %(Link.OutputFile).">
</Event><Event ErrorLevel="1" Project="CxImageCrtDll" Source="CxImage\CxImageDLL\CxImageCrtDll.vcproj" Description="MSB8012: $(TargetPath) ('E:\MyLibrary\DuiLib\3rd\CxImage\cximage701_full\CxImage\CxImageDLL\x64\Debug\CxImageCrtDll.dll') does not match the Linker's OutputFile property value '../../bin/cximagecrtd.dll' ('E:\MyLibrary\DuiLib\3rd\CxImage\cximage701_full\../../bin/cximagecrtd.dll') in project configuration 'Debug|x64'. This may cause your project to build incorrectly. To correct this, please make sure that $(TargetPath) property value matches the value specified in %(Link.OutputFile).">
</Event><Event ErrorLevel="1" Project="CxImageCrtDll" Source="CxImage\CxImageDLL\CxImageCrtDll.vcproj" Description="MSB8012: $(TargetName) ('CxImageCrtDll') does not match the Linker's OutputFile property value '../../bin/cximagecrt.dll' ('cximagecrt') in project configuration 'Release|Win32'. This may cause your project to build incorrectly. To correct this, please make sure that $(TargetName) property value matches the value specified in %(Link.OutputFile).">
</Event><Event ErrorLevel="1" Project="CxImageCrtDll" Source="CxImage\CxImageDLL\CxImageCrtDll.vcproj" Description="MSB8012: $(TargetPath) ('E:\MyLibrary\DuiLib\3rd\CxImage\cximage701_full\CxImage\CxImageDLL\.\Release\CxImageCrtDll.dll') does not match the Linker's OutputFile property value '../../bin/cximagecrt.dll' ('E:\MyLibrary\DuiLib\3rd\CxImage\cximage701_full\../../bin/cximagecrt.dll') in project configuration 'Release|Win32'. This may cause your project to build incorrectly. To correct this, please make sure that $(TargetPath) property value matches the value specified in %(Link.OutputFile).">
</Event><Event ErrorLevel="1" Project="CxImageCrtDll" Source="CxImage\CxImageDLL\CxImageCrtDll.vcproj" Description="MSB8012: $(TargetName) ('CxImageCrtDll') does not match the Linker's OutputFile property value '../../bin/cximagecrt.dll' ('cximagecrt') in project configuration 'Release|x64'. This may cause your project to build incorrectly. To correct this, please make sure that $(TargetName) property value matches the value specified in %(Link.OutputFile).">
</Event><Event ErrorLevel="1" Project="CxImageCrtDll" Source="CxImage\CxImageDLL\CxImageCrtDll.vcproj" Description="MSB8012: $(TargetPath) ('E:\MyLibrary\DuiLib\3rd\CxImage\cximage701_full\CxImage\CxImageDLL\x64\Release\CxImageCrtDll.dll') does not match the Linker's OutputFile property value '../../bin/cximagecrt.dll' ('E:\MyLibrary\DuiLib\3rd\CxImage\cximage701_full\../../bin/cximagecrt.dll') in project configuration 'Release|x64'. This may cause your project to build incorrectly. To correct this, please make sure that $(TargetPath) property value matches the value specified in %(Link.OutputFile).">
</Event><Event ErrorLevel="1" Project="CxImageCrtDll" Source="CxImage\CxImageDLL\CxImageCrtDll.vcproj" Description="MSB8012: $(TargetName) ('CxImageCrtDll') does not match the Linker's OutputFile property value '../../bin/cximagecrtu.dll' ('cximagecrtu') in project configuration 'Unicode Release|Win32'. This may cause your project to build incorrectly. To correct this, please make sure that $(TargetName) property value matches the value specified in %(Link.OutputFile).">
</Event><Event ErrorLevel="1" Project="CxImageCrtDll" Source="CxImage\CxImageDLL\CxImageCrtDll.vcproj" Description="MSB8012: $(TargetPath) ('E:\MyLibrary\DuiLib\3rd\CxImage\cximage701_full\CxImage\CxImageDLL\.\Unicode_Release\CxImageCrtDll.dll') does not match the Linker's OutputFile property value '../../bin/cximagecrtu.dll' ('E:\MyLibrary\DuiLib\3rd\CxImage\cximage701_full\../../bin/cximagecrtu.dll') in project configuration 'Unicode Release|Win32'. This may cause your project to build incorrectly. To correct this, please make sure that $(TargetPath) property value matches the value specified in %(Link.OutputFile).">
</Event><Event ErrorLevel="1" Project="CxImageCrtDll" Source="CxImage\CxImageDLL\CxImageCrtDll.vcproj" Description="MSB8012: $(TargetName) ('CxImageCrtDll') does not match the Linker's OutputFile property value '../../bin/cximagecrtu.dll' ('cximagecrtu') in project configuration 'Unicode Release|x64'. This may cause your project to build incorrectly. To correct this, please make sure that $(TargetName) property value matches the value specified in %(Link.OutputFile).">
</Event><Event ErrorLevel="1" Project="CxImageCrtDll" Source="CxImage\CxImageDLL\CxImageCrtDll.vcproj" Description="MSB8012: $(TargetPath) ('E:\MyLibrary\DuiLib\3rd\CxImage\cximage701_full\CxImage\CxImageDLL\x64\Unicode Release\CxImageCrtDll.dll') does not match the Linker's OutputFile property value '../../bin/cximagecrtu.dll' ('E:\MyLibrary\DuiLib\3rd\CxImage\cximage701_full\../../bin/cximagecrtu.dll') in project configuration 'Unicode Release|x64'. This may cause your project to build incorrectly. To correct this, please make sure that $(TargetPath) property value matches the value specified in %(Link.OutputFile).">
</Event><Event ErrorLevel="0" Project="CxImageCrtDll" Source="CxImage\CxImageDLL\CxImageCrtDll.vcproj" Description="Done converting to new project file 'E:\MyLibrary\DuiLib\3rd\CxImage\cximage701_full\CxImage\CxImageDLL\CxImageCrtDll.vcxproj'.">
</Event><Event ErrorLevel="3" Project="CxImageCrtDll" Source="CxImage\CxImageDLL\CxImageCrtDll.vcproj" Description="Converted">
</Event><Event ErrorLevel="0" Project="cximagemfcdll" Source="CxImage\CxImageDLL\cximagemfcdll.vcproj" Description="Converting project file 'E:\MyLibrary\DuiLib\3rd\CxImage\cximage701_full\CxImage\CxImageDLL\cximagemfcdll.vcproj'.">
</Event><Event ErrorLevel="1" Project="cximagemfcdll" Source="CxImage\CxImageDLL\cximagemfcdll.vcproj" Description="This application has been updated to include settings related to the User Account Control (UAC) feature of Windows Vista. By default, when run on Windows Vista with UAC enabled, this application is marked to run with the same privileges as the process that launched it. This marking also disables the application from running with virtualization. You can change UAC related settings from the Property Pages of the project.">
</Event><Event ErrorLevel="1" Project="cximagemfcdll" Source="CxImage\CxImageDLL\cximagemfcdll.vcproj" Description="VCWebServiceProxyGeneratorTool is no longer supported. The tool has been removed from your project settings.">
</Event><Event ErrorLevel="0" Project="cximagemfcdll" Source="CxImage\CxImageDLL\cximagemfcdll.vcproj" Description="Web deployment to the local IIS server is no longer supported. The Web Deployment build tool has been removed from your project settings.">
</Event><Event ErrorLevel="1" Project="cximagemfcdll" Source="CxImage\CxImageDLL\cximagemfcdll.vcproj" Description="MSB8012: $(TargetName) ('cximagemfcdll') does not match the Linker's OutputFile property value '../../bin/cximaged.dll' ('cximaged') in project configuration 'Debug|Win32'. This may cause your project to build incorrectly. To correct this, please make sure that $(TargetName) property value matches the value specified in %(Link.OutputFile).">
</Event><Event ErrorLevel="1" Project="cximagemfcdll" Source="CxImage\CxImageDLL\cximagemfcdll.vcproj" Description="MSB8012: $(TargetPath) ('E:\MyLibrary\DuiLib\3rd\CxImage\cximage701_full\CxImage\CxImageDLL\.\Debug\cximagemfcdll.dll') does not match the Linker's OutputFile property value '../../bin/cximaged.dll' ('E:\MyLibrary\DuiLib\3rd\CxImage\cximage701_full\../../bin/cximaged.dll') in project configuration 'Debug|Win32'. This may cause your project to build incorrectly. To correct this, please make sure that $(TargetPath) property value matches the value specified in %(Link.OutputFile).">
</Event><Event ErrorLevel="1" Project="cximagemfcdll" Source="CxImage\CxImageDLL\cximagemfcdll.vcproj" Description="MSB8012: $(TargetName) ('cximagemfcdll') does not match the Linker's OutputFile property value '../../bin/cximaged.dll' ('cximaged') in project configuration 'Debug|x64'. This may cause your project to build incorrectly. To correct this, please make sure that $(TargetName) property value matches the value specified in %(Link.OutputFile).">
</Event><Event ErrorLevel="1" Project="cximagemfcdll" Source="CxImage\CxImageDLL\cximagemfcdll.vcproj" Description="MSB8012: $(TargetPath) ('E:\MyLibrary\DuiLib\3rd\CxImage\cximage701_full\CxImage\CxImageDLL\x64\Debug\cximagemfcdll.dll') does not match the Linker's OutputFile property value '../../bin/cximaged.dll' ('E:\MyLibrary\DuiLib\3rd\CxImage\cximage701_full\../../bin/cximaged.dll') in project configuration 'Debug|x64'. This may cause your project to build incorrectly. To correct this, please make sure that $(TargetPath) property value matches the value specified in %(Link.OutputFile).">
</Event><Event ErrorLevel="1" Project="cximagemfcdll" Source="CxImage\CxImageDLL\cximagemfcdll.vcproj" Description="MSB8012: $(TargetName) ('cximagemfcdll') does not match the Linker's OutputFile property value '../../bin/cximage.dll' ('cximage') in project configuration 'Release|Win32'. This may cause your project to build incorrectly. To correct this, please make sure that $(TargetName) property value matches the value specified in %(Link.OutputFile).">
</Event><Event ErrorLevel="1" Project="cximagemfcdll" Source="CxImage\CxImageDLL\cximagemfcdll.vcproj" Description="MSB8012: $(TargetPath) ('E:\MyLibrary\DuiLib\3rd\CxImage\cximage701_full\CxImage\CxImageDLL\.\Release\cximagemfcdll.dll') does not match the Linker's OutputFile property value '../../bin/cximage.dll' ('E:\MyLibrary\DuiLib\3rd\CxImage\cximage701_full\../../bin/cximage.dll') in project configuration 'Release|Win32'. This may cause your project to build incorrectly. To correct this, please make sure that $(TargetPath) property value matches the value specified in %(Link.OutputFile).">
</Event><Event ErrorLevel="1" Project="cximagemfcdll" Source="CxImage\CxImageDLL\cximagemfcdll.vcproj" Description="MSB8012: $(TargetName) ('cximagemfcdll') does not match the Linker's OutputFile property value '../../bin/cximage.dll' ('cximage') in project configuration 'Release|x64'. This may cause your project to build incorrectly. To correct this, please make sure that $(TargetName) property value matches the value specified in %(Link.OutputFile).">
</Event><Event ErrorLevel="1" Project="cximagemfcdll" Source="CxImage\CxImageDLL\cximagemfcdll.vcproj" Description="MSB8012: $(TargetPath) ('E:\MyLibrary\DuiLib\3rd\CxImage\cximage701_full\CxImage\CxImageDLL\x64\Release\cximagemfcdll.dll') does not match the Linker's OutputFile property value '../../bin/cximage.dll' ('E:\MyLibrary\DuiLib\3rd\CxImage\cximage701_full\../../bin/cximage.dll') in project configuration 'Release|x64'. This may cause your project to build incorrectly. To correct this, please make sure that $(TargetPath) property value matches the value specified in %(Link.OutputFile).">
</Event><Event ErrorLevel="1" Project="cximagemfcdll" Source="CxImage\CxImageDLL\cximagemfcdll.vcproj" Description="MSB8012: $(TargetName) ('cximagemfcdll') does not match the Linker's OutputFile property value '../../bin/cximageu.dll' ('cximageu') in project configuration 'Unicode Release|Win32'. This may cause your project to build incorrectly. To correct this, please make sure that $(TargetName) property value matches the value specified in %(Link.OutputFile).">
</Event><Event ErrorLevel="1" Project="cximagemfcdll" Source="CxImage\CxImageDLL\cximagemfcdll.vcproj" Description="MSB8012: $(TargetPath) ('E:\MyLibrary\DuiLib\3rd\CxImage\cximage701_full\CxImage\CxImageDLL\.\Unicode_Release\cximagemfcdll.dll') does not match the Linker's OutputFile property value '../../bin/cximageu.dll' ('E:\MyLibrary\DuiLib\3rd\CxImage\cximage701_full\../../bin/cximageu.dll') in project configuration 'Unicode Release|Win32'. This may cause your project to build incorrectly. To correct this, please make sure that $(TargetPath) property value matches the value specified in %(Link.OutputFile).">
</Event><Event ErrorLevel="1" Project="cximagemfcdll" Source="CxImage\CxImageDLL\cximagemfcdll.vcproj" Description="MSB8012: $(TargetName) ('cximagemfcdll') does not match the Linker's OutputFile property value '../../bin/cximageu.dll' ('cximageu') in project configuration 'Unicode Release|x64'. This may cause your project to build incorrectly. To correct this, please make sure that $(TargetName) property value matches the value specified in %(Link.OutputFile).">
</Event><Event ErrorLevel="1" Project="cximagemfcdll" Source="CxImage\CxImageDLL\cximagemfcdll.vcproj" Description="MSB8012: $(TargetPath) ('E:\MyLibrary\DuiLib\3rd\CxImage\cximage701_full\CxImage\CxImageDLL\x64\Unicode Release\cximagemfcdll.dll') does not match the Linker's OutputFile property value '../../bin/cximageu.dll' ('E:\MyLibrary\DuiLib\3rd\CxImage\cximage701_full\../../bin/cximageu.dll') in project configuration 'Unicode Release|x64'. This may cause your project to build incorrectly. To correct this, please make sure that $(TargetPath) property value matches the value specified in %(Link.OutputFile).">
</Event><Event ErrorLevel="1" Project="cximagemfcdll" Source="CxImage\CxImageDLL\cximagemfcdll.vcproj" Description="MSB8012: $(TargetName) ('cximagemfcdll') does not match the Linker's OutputFile property value '../../bin/cximagedu.dll' ('cximagedu') in project configuration 'Unicode Debug|Win32'. This may cause your project to build incorrectly. To correct this, please make sure that $(TargetName) property value matches the value specified in %(Link.OutputFile).">
</Event><Event ErrorLevel="1" Project="cximagemfcdll" Source="CxImage\CxImageDLL\cximagemfcdll.vcproj" Description="MSB8012: $(TargetPath) ('E:\MyLibrary\DuiLib\3rd\CxImage\cximage701_full\CxImage\CxImageDLL\.\Unicode_Debug\cximagemfcdll.dll') does not match the Linker's OutputFile property value '../../bin/cximagedu.dll' ('E:\MyLibrary\DuiLib\3rd\CxImage\cximage701_full\../../bin/cximagedu.dll') in project configuration 'Unicode Debug|Win32'. This may cause your project to build incorrectly. To correct this, please make sure that $(TargetPath) property value matches the value specified in %(Link.OutputFile).">
</Event><Event ErrorLevel="1" Project="cximagemfcdll" Source="CxImage\CxImageDLL\cximagemfcdll.vcproj" Description="MSB8012: $(TargetName) ('cximagemfcdll') does not match the Linker's OutputFile property value '../../bin/cximagedu.dll' ('cximagedu') in project configuration 'Unicode Debug|x64'. This may cause your project to build incorrectly. To correct this, please make sure that $(TargetName) property value matches the value specified in %(Link.OutputFile).">
</Event><Event ErrorLevel="1" Project="cximagemfcdll" Source="CxImage\CxImageDLL\cximagemfcdll.vcproj" Description="MSB8012: $(TargetPath) ('E:\MyLibrary\DuiLib\3rd\CxImage\cximage701_full\CxImage\CxImageDLL\x64\Unicode Debug\cximagemfcdll.dll') does not match the Linker's OutputFile property value '../../bin/cximagedu.dll' ('E:\MyLibrary\DuiLib\3rd\CxImage\cximage701_full\../../bin/cximagedu.dll') in project configuration 'Unicode Debug|x64'. This may cause your project to build incorrectly. To correct this, please make sure that $(TargetPath) property value matches the value specified in %(Link.OutputFile).">
</Event><Event ErrorLevel="0" Project="cximagemfcdll" Source="CxImage\CxImageDLL\cximagemfcdll.vcproj" Description="Done converting to new project file 'E:\MyLibrary\DuiLib\3rd\CxImage\cximage701_full\CxImage\CxImageDLL\cximagemfcdll.vcxproj'.">
</Event><Event ErrorLevel="3" Project="cximagemfcdll" Source="CxImage\CxImageDLL\cximagemfcdll.vcproj" Description="Converted">
</Event><Event ErrorLevel="0" Project="demo" Source="demo\demo.vcproj" Description="Converting project file 'E:\MyLibrary\DuiLib\3rd\CxImage\cximage701_full\demo\demo.vcproj'.">
</Event><Event ErrorLevel="1" Project="demo" Source="demo\demo.vcproj" Description="This application has been updated to include settings related to the User Account Control (UAC) feature of Windows Vista. By default, when run on Windows Vista with UAC enabled, this application is marked to run with the same privileges as the process that launched it. This marking also disables the application from running with virtualization. You can change UAC related settings from the Property Pages of the project.">
</Event><Event ErrorLevel="1" Project="demo" Source="demo\demo.vcproj" Description="VCWebServiceProxyGeneratorTool is no longer supported. The tool has been removed from your project settings.">
</Event><Event ErrorLevel="0" Project="demo" Source="demo\demo.vcproj" Description="Web deployment to the local IIS server is no longer supported. The Web Deployment build tool has been removed from your project settings.">
</Event><Event ErrorLevel="1" Project="demo" Source="demo\demo.vcproj" Description="MSB8012: $(TargetPath) ('E:\MyLibrary\DuiLib\3rd\CxImage\cximage701_full\demo\.\Release\demo.exe') does not match the Linker's OutputFile property value '../bin/demo.exe' ('E:\MyLibrary\DuiLib\3rd\CxImage\cximage701_full\../bin/demo.exe') in project configuration 'Release|Win32'. This may cause your project to build incorrectly. To correct this, please make sure that $(TargetPath) property value matches the value specified in %(Link.OutputFile).">
</Event><Event ErrorLevel="1" Project="demo" Source="demo\demo.vcproj" Description="MSB8012: $(TargetPath) ('E:\MyLibrary\DuiLib\3rd\CxImage\cximage701_full\demo\x64\Release\demo.exe') does not match the Linker's OutputFile property value '../bin/demo.exe' ('E:\MyLibrary\DuiLib\3rd\CxImage\cximage701_full\../bin/demo.exe') in project configuration 'Release|x64'. This may cause your project to build incorrectly. To correct this, please make sure that $(TargetPath) property value matches the value specified in %(Link.OutputFile).">
</Event><Event ErrorLevel="1" Project="demo" Source="demo\demo.vcproj" Description="MSB8012: $(TargetName) ('demo') does not match the Linker's OutputFile property value '../bin/demou.exe' ('demou') in project configuration 'Unicode Release|Win32'. This may cause your project to build incorrectly. To correct this, please make sure that $(TargetName) property value matches the value specified in %(Link.OutputFile).">
</Event><Event ErrorLevel="1" Project="demo" Source="demo\demo.vcproj" Description="MSB8012: $(TargetPath) ('E:\MyLibrary\DuiLib\3rd\CxImage\cximage701_full\demo\.\Unicode_Release\demo.exe') does not match the Linker's OutputFile property value '../bin/demou.exe' ('E:\MyLibrary\DuiLib\3rd\CxImage\cximage701_full\../bin/demou.exe') in project configuration 'Unicode Release|Win32'. This may cause your project to build incorrectly. To correct this, please make sure that $(TargetPath) property value matches the value specified in %(Link.OutputFile).">
</Event><Event ErrorLevel="1" Project="demo" Source="demo\demo.vcproj" Description="MSB8012: $(TargetName) ('demo') does not match the Linker's OutputFile property value '../bin/demou.exe' ('demou') in project configuration 'Unicode Release|x64'. This may cause your project to build incorrectly. To correct this, please make sure that $(TargetName) property value matches the value specified in %(Link.OutputFile).">
</Event><Event ErrorLevel="1" Project="demo" Source="demo\demo.vcproj" Description="MSB8012: $(TargetPath) ('E:\MyLibrary\DuiLib\3rd\CxImage\cximage701_full\demo\x64\Unicode Release\demo.exe') does not match the Linker's OutputFile property value '../bin/demou.exe' ('E:\MyLibrary\DuiLib\3rd\CxImage\cximage701_full\../bin/demou.exe') in project configuration 'Unicode Release|x64'. This may cause your project to build incorrectly. To correct this, please make sure that $(TargetPath) property value matches the value specified in %(Link.OutputFile).">
</Event><Event ErrorLevel="1" Project="demo" Source="demo\demo.vcproj" Description="MSB8012: $(TargetName) ('demo') does not match the Linker's OutputFile property value '../bin/demoud.exe' ('demoud') in project configuration 'Unicode Debug|Win32'. This may cause your project to build incorrectly. To correct this, please make sure that $(TargetName) property value matches the value specified in %(Link.OutputFile).">
</Event><Event ErrorLevel="1" Project="demo" Source="demo\demo.vcproj" Description="MSB8012: $(TargetPath) ('E:\MyLibrary\DuiLib\3rd\CxImage\cximage701_full\demo\.\Unicode_Debug\demo.exe') does not match the Linker's OutputFile property value '../bin/demoud.exe' ('E:\MyLibrary\DuiLib\3rd\CxImage\cximage701_full\../bin/demoud.exe') in project configuration 'Unicode Debug|Win32'. This may cause your project to build incorrectly. To correct this, please make sure that $(TargetPath) property value matches the value specified in %(Link.OutputFile).">
</Event><Event ErrorLevel="1" Project="demo" Source="demo\demo.vcproj" Description="MSB8012: $(TargetName) ('demo') does not match the Linker's OutputFile property value '../bin/demoud.exe' ('demoud') in project configuration 'Unicode Debug|x64'. This may cause your project to build incorrectly. To correct this, please make sure that $(TargetName) property value matches the value specified in %(Link.OutputFile).">
</Event><Event ErrorLevel="1" Project="demo" Source="demo\demo.vcproj" Description="MSB8012: $(TargetPath) ('E:\MyLibrary\DuiLib\3rd\CxImage\cximage701_full\demo\x64\Unicode Debug\demo.exe') does not match the Linker's OutputFile property value '../bin/demoud.exe' ('E:\MyLibrary\DuiLib\3rd\CxImage\cximage701_full\../bin/demoud.exe') in project configuration 'Unicode Debug|x64'. This may cause your project to build incorrectly. To correct this, please make sure that $(TargetPath) property value matches the value specified in %(Link.OutputFile).">
</Event><Event ErrorLevel="1" Project="demo" Source="demo\demo.vcproj" Description="MSB8012: $(TargetName) ('demo') does not match the Linker's OutputFile property value '../bin/demod.exe' ('demod') in project configuration 'Debug|Win32'. This may cause your project to build incorrectly. To correct this, please make sure that $(TargetName) property value matches the value specified in %(Link.OutputFile).">
</Event><Event ErrorLevel="1" Project="demo" Source="demo\demo.vcproj" Description="MSB8012: $(TargetPath) ('E:\MyLibrary\DuiLib\3rd\CxImage\cximage701_full\demo\.\Debug\demo.exe') does not match the Linker's OutputFile property value '../bin/demod.exe' ('E:\MyLibrary\DuiLib\3rd\CxImage\cximage701_full\../bin/demod.exe') in project configuration 'Debug|Win32'. This may cause your project to build incorrectly. To correct this, please make sure that $(TargetPath) property value matches the value specified in %(Link.OutputFile).">
</Event><Event ErrorLevel="1" Project="demo" Source="demo\demo.vcproj" Description="MSB8012: $(TargetName) ('demo') does not match the Linker's OutputFile property value '../bin/demod.exe' ('demod') in project configuration 'Debug|x64'. This may cause your project to build incorrectly. To correct this, please make sure that $(TargetName) property value matches the value specified in %(Link.OutputFile).">
</Event><Event ErrorLevel="1" Project="demo" Source="demo\demo.vcproj" Description="MSB8012: $(TargetPath) ('E:\MyLibrary\DuiLib\3rd\CxImage\cximage701_full\demo\x64\Debug\demo.exe') does not match the Linker's OutputFile property value '../bin/demod.exe' ('E:\MyLibrary\DuiLib\3rd\CxImage\cximage701_full\../bin/demod.exe') in project configuration 'Debug|x64'. This may cause your project to build incorrectly. To correct this, please make sure that $(TargetPath) property value matches the value specified in %(Link.OutputFile).">
</Event><Event ErrorLevel="0" Project="demo" Source="demo\demo.vcproj" Description="Done converting to new project file 'E:\MyLibrary\DuiLib\3rd\CxImage\cximage701_full\demo\demo.vcxproj'.">
</Event><Event ErrorLevel="3" Project="demo" Source="demo\demo.vcproj" Description="Converted">
</Event><Event ErrorLevel="0" Project="demoDLL" Source="demo\demoDLL.vcproj" Description="Converting project file 'E:\MyLibrary\DuiLib\3rd\CxImage\cximage701_full\demo\demoDLL.vcproj'.">
</Event><Event ErrorLevel="1" Project="demoDLL" Source="demo\demoDLL.vcproj" Description="This application has been updated to include settings related to the User Account Control (UAC) feature of Windows Vista. By default, when run on Windows Vista with UAC enabled, this application is marked to run with the same privileges as the process that launched it. This marking also disables the application from running with virtualization. You can change UAC related settings from the Property Pages of the project.">
</Event><Event ErrorLevel="1" Project="demoDLL" Source="demo\demoDLL.vcproj" Description="VCWebServiceProxyGeneratorTool is no longer supported. The tool has been removed from your project settings.">
</Event><Event ErrorLevel="0" Project="demoDLL" Source="demo\demoDLL.vcproj" Description="Web deployment to the local IIS server is no longer supported. The Web Deployment build tool has been removed from your project settings.">
</Event><Event ErrorLevel="1" Project="demoDLL" Source="demo\demoDLL.vcproj" Description="MSB8012: $(TargetPath) ('E:\MyLibrary\DuiLib\3rd\CxImage\cximage701_full\demo\.\ReleaseDll\demoDLL.exe') does not match the Linker's OutputFile property value '../bin/demodll.exe' ('E:\MyLibrary\DuiLib\3rd\CxImage\cximage701_full\../bin/demodll.exe') in project configuration 'Release|Win32'. This may cause your project to build incorrectly. To correct this, please make sure that $(TargetPath) property value matches the value specified in %(Link.OutputFile).">
</Event><Event ErrorLevel="1" Project="demoDLL" Source="demo\demoDLL.vcproj" Description="MSB8012: $(TargetPath) ('E:\MyLibrary\DuiLib\3rd\CxImage\cximage701_full\demo\x64\Release\demoDLL.exe') does not match the Linker's OutputFile property value '../bin/demodll.exe' ('E:\MyLibrary\DuiLib\3rd\CxImage\cximage701_full\../bin/demodll.exe') in project configuration 'Release|x64'. This may cause your project to build incorrectly. To correct this, please make sure that $(TargetPath) property value matches the value specified in %(Link.OutputFile).">
</Event><Event ErrorLevel="1" Project="demoDLL" Source="demo\demoDLL.vcproj" Description="MSB8012: $(TargetName) ('demoDLL') does not match the Linker's OutputFile property value '../bin/demodllu.exe' ('demodllu') in project configuration 'Unicode Release|Win32'. This may cause your project to build incorrectly. To correct this, please make sure that $(TargetName) property value matches the value specified in %(Link.OutputFile).">
</Event><Event ErrorLevel="1" Project="demoDLL" Source="demo\demoDLL.vcproj" Description="MSB8012: $(TargetPath) ('E:\MyLibrary\DuiLib\3rd\CxImage\cximage701_full\demo\.\Unicode_ReleaseDll\demoDLL.exe') does not match the Linker's OutputFile property value '../bin/demodllu.exe' ('E:\MyLibrary\DuiLib\3rd\CxImage\cximage701_full\../bin/demodllu.exe') in project configuration 'Unicode Release|Win32'. This may cause your project to build incorrectly. To correct this, please make sure that $(TargetPath) property value matches the value specified in %(Link.OutputFile).">
</Event><Event ErrorLevel="1" Project="demoDLL" Source="demo\demoDLL.vcproj" Description="MSB8012: $(TargetName) ('demoDLL') does not match the Linker's OutputFile property value '../bin/demodllu.exe' ('demodllu') in project configuration 'Unicode Release|x64'. This may cause your project to build incorrectly. To correct this, please make sure that $(TargetName) property value matches the value specified in %(Link.OutputFile).">
</Event><Event ErrorLevel="1" Project="demoDLL" Source="demo\demoDLL.vcproj" Description="MSB8012: $(TargetPath) ('E:\MyLibrary\DuiLib\3rd\CxImage\cximage701_full\demo\x64\Unicode Release\demoDLL.exe') does not match the Linker's OutputFile property value '../bin/demodllu.exe' ('E:\MyLibrary\DuiLib\3rd\CxImage\cximage701_full\../bin/demodllu.exe') in project configuration 'Unicode Release|x64'. This may cause your project to build incorrectly. To correct this, please make sure that $(TargetPath) property value matches the value specified in %(Link.OutputFile).">
</Event><Event ErrorLevel="1" Project="demoDLL" Source="demo\demoDLL.vcproj" Description="MSB8012: $(TargetName) ('demoDLL') does not match the Linker's OutputFile property value '../bin/demoddll.exe' ('demoddll') in project configuration 'Debug|Win32'. This may cause your project to build incorrectly. To correct this, please make sure that $(TargetName) property value matches the value specified in %(Link.OutputFile).">
</Event><Event ErrorLevel="1" Project="demoDLL" Source="demo\demoDLL.vcproj" Description="MSB8012: $(TargetPath) ('E:\MyLibrary\DuiLib\3rd\CxImage\cximage701_full\demo\.\DebugDll\demoDLL.exe') does not match the Linker's OutputFile property value '../bin/demoddll.exe' ('E:\MyLibrary\DuiLib\3rd\CxImage\cximage701_full\../bin/demoddll.exe') in project configuration 'Debug|Win32'. This may cause your project to build incorrectly. To correct this, please make sure that $(TargetPath) property value matches the value specified in %(Link.OutputFile).">
</Event><Event ErrorLevel="1" Project="demoDLL" Source="demo\demoDLL.vcproj" Description="MSB8012: $(TargetName) ('demoDLL') does not match the Linker's OutputFile property value '../bin/demoddll.exe' ('demoddll') in project configuration 'Debug|x64'. This may cause your project to build incorrectly. To correct this, please make sure that $(TargetName) property value matches the value specified in %(Link.OutputFile).">
</Event><Event ErrorLevel="1" Project="demoDLL" Source="demo\demoDLL.vcproj" Description="MSB8012: $(TargetPath) ('E:\MyLibrary\DuiLib\3rd\CxImage\cximage701_full\demo\x64\Debug\demoDLL.exe') does not match the Linker's OutputFile property value '../bin/demoddll.exe' ('E:\MyLibrary\DuiLib\3rd\CxImage\cximage701_full\../bin/demoddll.exe') in project configuration 'Debug|x64'. This may cause your project to build incorrectly. To correct this, please make sure that $(TargetPath) property value matches the value specified in %(Link.OutputFile).">
</Event><Event ErrorLevel="1" Project="demoDLL" Source="demo\demoDLL.vcproj" Description="MSB8012: $(TargetName) ('demoDLL') does not match the Linker's OutputFile property value '../bin/demoddllu.exe' ('demoddllu') in project configuration 'Unicode Debug|Win32'. This may cause your project to build incorrectly. To correct this, please make sure that $(TargetName) property value matches the value specified in %(Link.OutputFile).">
</Event><Event ErrorLevel="1" Project="demoDLL" Source="demo\demoDLL.vcproj" Description="MSB8012: $(TargetPath) ('E:\MyLibrary\DuiLib\3rd\CxImage\cximage701_full\demo\.\Unicode_DebugDll\demoDLL.exe') does not match the Linker's OutputFile property value '../bin/demoddllu.exe' ('E:\MyLibrary\DuiLib\3rd\CxImage\cximage701_full\../bin/demoddllu.exe') in project configuration 'Unicode Debug|Win32'. This may cause your project to build incorrectly. To correct this, please make sure that $(TargetPath) property value matches the value specified in %(Link.OutputFile).">
</Event><Event ErrorLevel="1" Project="demoDLL" Source="demo\demoDLL.vcproj" Description="MSB8012: $(TargetName) ('demoDLL') does not match the Linker's OutputFile property value '../bin/demoddllu.exe' ('demoddllu') in project configuration 'Unicode Debug|x64'. This may cause your project to build incorrectly. To correct this, please make sure that $(TargetName) property value matches the value specified in %(Link.OutputFile).">
</Event><Event ErrorLevel="1" Project="demoDLL" Source="demo\demoDLL.vcproj" Description="MSB8012: $(TargetPath) ('E:\MyLibrary\DuiLib\3rd\CxImage\cximage701_full\demo\x64\Unicode Debug\demoDLL.exe') does not match the Linker's OutputFile property value '../bin/demoddllu.exe' ('E:\MyLibrary\DuiLib\3rd\CxImage\cximage701_full\../bin/demoddllu.exe') in project configuration 'Unicode Debug|x64'. This may cause your project to build incorrectly. To correct this, please make sure that $(TargetPath) property value matches the value specified in %(Link.OutputFile).">
</Event><Event ErrorLevel="0" Project="demoDLL" Source="demo\demoDLL.vcproj" Description="Done converting to new project file 'E:\MyLibrary\DuiLib\3rd\CxImage\cximage701_full\demo\demoDLL.vcxproj'.">
</Event><Event ErrorLevel="3" Project="demoDLL" Source="demo\demoDLL.vcproj" Description="Converted">
</Event><Event ErrorLevel="0" Project="jasper" Source="jasper\jasper.vcproj" Description="Converting project file 'E:\MyLibrary\DuiLib\3rd\CxImage\cximage701_full\jasper\jasper.vcproj'.">
</Event><Event ErrorLevel="1" Project="jasper" Source="jasper\jasper.vcproj" Description="This application has been updated to include settings related to the User Account Control (UAC) feature of Windows Vista. By default, when run on Windows Vista with UAC enabled, this application is marked to run with the same privileges as the process that launched it. This marking also disables the application from running with virtualization. You can change UAC related settings from the Property Pages of the project.">
</Event><Event ErrorLevel="1" Project="jasper" Source="jasper\jasper.vcproj" Description="VCWebServiceProxyGeneratorTool is no longer supported. The tool has been removed from your project settings.">
</Event><Event ErrorLevel="1" Project="jasper" Source="jasper\jasper.vcproj" Description="MSB8012: $(TargetPath) ('E:\MyLibrary\DuiLib\3rd\CxImage\cximage701_full\jasper\.\Debug\jasper.lib') does not match the Librarian's OutputFile property value '.\Debug\jasper.lib' ('E:\MyLibrary\DuiLib\3rd\CxImage\cximage701_full\Debug\jasper.lib') in project configuration 'Debug|Win32'. This may cause your project to build incorrectly. To correct this, please make sure that $(TargetPath) property value matches the value specified in %(Lib.OutputFile).">
</Event><Event ErrorLevel="1" Project="jasper" Source="jasper\jasper.vcproj" Description="MSB8012: $(TargetPath) ('E:\MyLibrary\DuiLib\3rd\CxImage\cximage701_full\jasper\x64\Debug\jasper.lib') does not match the Librarian's OutputFile property value '.\Debug\jasper.lib' ('E:\MyLibrary\DuiLib\3rd\CxImage\cximage701_full\Debug\jasper.lib') in project configuration 'Debug|x64'. This may cause your project to build incorrectly. To correct this, please make sure that $(TargetPath) property value matches the value specified in %(Lib.OutputFile).">
</Event><Event ErrorLevel="1" Project="jasper" Source="jasper\jasper.vcproj" Description="MSB8012: $(TargetPath) ('E:\MyLibrary\DuiLib\3rd\CxImage\cximage701_full\jasper\.\Release\jasper.lib') does not match the Librarian's OutputFile property value '.\Release\jasper.lib' ('E:\MyLibrary\DuiLib\3rd\CxImage\cximage701_full\Release\jasper.lib') in project configuration 'Release|Win32'. This may cause your project to build incorrectly. To correct this, please make sure that $(TargetPath) property value matches the value specified in %(Lib.OutputFile).">
</Event><Event ErrorLevel="1" Project="jasper" Source="jasper\jasper.vcproj" Description="MSB8012: $(TargetPath) ('E:\MyLibrary\DuiLib\3rd\CxImage\cximage701_full\jasper\x64\Release\jasper.lib') does not match the Librarian's OutputFile property value '.\Release\jasper.lib' ('E:\MyLibrary\DuiLib\3rd\CxImage\cximage701_full\Release\jasper.lib') in project configuration 'Release|x64'. This may cause your project to build incorrectly. To correct this, please make sure that $(TargetPath) property value matches the value specified in %(Lib.OutputFile).">
</Event><Event ErrorLevel="1" Project="jasper" Source="jasper\jasper.vcproj" Description="MSB8012: $(TargetPath) ('E:\MyLibrary\DuiLib\3rd\CxImage\cximage701_full\jasper\.\Unicode_Release\jasper.lib') does not match the Librarian's OutputFile property value '.\Unicode_Release\jasper.lib' ('E:\MyLibrary\DuiLib\3rd\CxImage\cximage701_full\Unicode_Release\jasper.lib') in project configuration 'Unicode Release|Win32'. This may cause your project to build incorrectly. To correct this, please make sure that $(TargetPath) property value matches the value specified in %(Lib.OutputFile).">
</Event><Event ErrorLevel="1" Project="jasper" Source="jasper\jasper.vcproj" Description="MSB8012: $(TargetPath) ('E:\MyLibrary\DuiLib\3rd\CxImage\cximage701_full\jasper\x64\Unicode Release\jasper.lib') does not match the Librarian's OutputFile property value '.\Unicode_Release\jasper.lib' ('E:\MyLibrary\DuiLib\3rd\CxImage\cximage701_full\Unicode_Release\jasper.lib') in project configuration 'Unicode Release|x64'. This may cause your project to build incorrectly. To correct this, please make sure that $(TargetPath) property value matches the value specified in %(Lib.OutputFile).">
</Event><Event ErrorLevel="1" Project="jasper" Source="jasper\jasper.vcproj" Description="MSB8012: $(TargetPath) ('E:\MyLibrary\DuiLib\3rd\CxImage\cximage701_full\jasper\.\Unicode_Debug\jasper.lib') does not match the Librarian's OutputFile property value '.\Unicode_Debug\jasper.lib' ('E:\MyLibrary\DuiLib\3rd\CxImage\cximage701_full\Unicode_Debug\jasper.lib') in project configuration 'Unicode Debug|Win32'. This may cause your project to build incorrectly. To correct this, please make sure that $(TargetPath) property value matches the value specified in %(Lib.OutputFile).">
</Event><Event ErrorLevel="1" Project="jasper" Source="jasper\jasper.vcproj" Description="MSB8012: $(TargetPath) ('E:\MyLibrary\DuiLib\3rd\CxImage\cximage701_full\jasper\x64\Unicode Debug\jasper.lib') does not match the Librarian's OutputFile property value '.\Unicode_Debug\jasper.lib' ('E:\MyLibrary\DuiLib\3rd\CxImage\cximage701_full\Unicode_Debug\jasper.lib') in project configuration 'Unicode Debug|x64'. This may cause your project to build incorrectly. To correct this, please make sure that $(TargetPath) property value matches the value specified in %(Lib.OutputFile).">
</Event><Event ErrorLevel="0" Project="jasper" Source="jasper\jasper.vcproj" Description="Done converting to new project file 'E:\MyLibrary\DuiLib\3rd\CxImage\cximage701_full\jasper\jasper.vcxproj'.">
</Event><Event ErrorLevel="3" Project="jasper" Source="jasper\jasper.vcproj" Description="Converted">
</Event><Event ErrorLevel="0" Project="jbig" Source="jbig\jbig.vcproj" Description="Converting project file 'E:\MyLibrary\DuiLib\3rd\CxImage\cximage701_full\jbig\jbig.vcproj'.">
</Event><Event ErrorLevel="1" Project="jbig" Source="jbig\jbig.vcproj" Description="This application has been updated to include settings related to the User Account Control (UAC) feature of Windows Vista. By default, when run on Windows Vista with UAC enabled, this application is marked to run with the same privileges as the process that launched it. This marking also disables the application from running with virtualization. You can change UAC related settings from the Property Pages of the project.">
</Event><Event ErrorLevel="1" Project="jbig" Source="jbig\jbig.vcproj" Description="VCWebServiceProxyGeneratorTool is no longer supported. The tool has been removed from your project settings.">
</Event><Event ErrorLevel="1" Project="jbig" Source="jbig\jbig.vcproj" Description="MSB8012: $(TargetPath) ('E:\MyLibrary\DuiLib\3rd\CxImage\cximage701_full\jbig\.\Release\jbig.lib') does not match the Librarian's OutputFile property value '.\Release\jbig.lib' ('E:\MyLibrary\DuiLib\3rd\CxImage\cximage701_full\Release\jbig.lib') in project configuration 'Release|Win32'. This may cause your project to build incorrectly. To correct this, please make sure that $(TargetPath) property value matches the value specified in %(Lib.OutputFile).">
</Event><Event ErrorLevel="1" Project="jbig" Source="jbig\jbig.vcproj" Description="MSB8012: $(TargetPath) ('E:\MyLibrary\DuiLib\3rd\CxImage\cximage701_full\jbig\x64\Release\jbig.lib') does not match the Librarian's OutputFile property value '.\Release\jbig.lib' ('E:\MyLibrary\DuiLib\3rd\CxImage\cximage701_full\Release\jbig.lib') in project configuration 'Release|x64'. This may cause your project to build incorrectly. To correct this, please make sure that $(TargetPath) property value matches the value specified in %(Lib.OutputFile).">
</Event><Event ErrorLevel="1" Project="jbig" Source="jbig\jbig.vcproj" Description="MSB8012: $(TargetPath) ('E:\MyLibrary\DuiLib\3rd\CxImage\cximage701_full\jbig\.\Unicode_Release\jbig.lib') does not match the Librarian's OutputFile property value '.\Unicode_Release\jbig.lib' ('E:\MyLibrary\DuiLib\3rd\CxImage\cximage701_full\Unicode_Release\jbig.lib') in project configuration 'Unicode Release|Win32'. This may cause your project to build incorrectly. To correct this, please make sure that $(TargetPath) property value matches the value specified in %(Lib.OutputFile).">
</Event><Event ErrorLevel="1" Project="jbig" Source="jbig\jbig.vcproj" Description="MSB8012: $(TargetPath) ('E:\MyLibrary\DuiLib\3rd\CxImage\cximage701_full\jbig\x64\Unicode Release\jbig.lib') does not match the Librarian's OutputFile property value '.\Unicode_Release\jbig.lib' ('E:\MyLibrary\DuiLib\3rd\CxImage\cximage701_full\Unicode_Release\jbig.lib') in project configuration 'Unicode Release|x64'. This may cause your project to build incorrectly. To correct this, please make sure that $(TargetPath) property value matches the value specified in %(Lib.OutputFile).">
</Event><Event ErrorLevel="1" Project="jbig" Source="jbig\jbig.vcproj" Description="MSB8012: $(TargetPath) ('E:\MyLibrary\DuiLib\3rd\CxImage\cximage701_full\jbig\.\Debug\jbig.lib') does not match the Librarian's OutputFile property value '.\Debug\jbig.lib' ('E:\MyLibrary\DuiLib\3rd\CxImage\cximage701_full\Debug\jbig.lib') in project configuration 'Debug|Win32'. This may cause your project to build incorrectly. To correct this, please make sure that $(TargetPath) property value matches the value specified in %(Lib.OutputFile).">
</Event><Event ErrorLevel="1" Project="jbig" Source="jbig\jbig.vcproj" Description="MSB8012: $(TargetPath) ('E:\MyLibrary\DuiLib\3rd\CxImage\cximage701_full\jbig\x64\Debug\jbig.lib') does not match the Librarian's OutputFile property value '.\Debug\jbig.lib' ('E:\MyLibrary\DuiLib\3rd\CxImage\cximage701_full\Debug\jbig.lib') in project configuration 'Debug|x64'. This may cause your project to build incorrectly. To correct this, please make sure that $(TargetPath) property value matches the value specified in %(Lib.OutputFile).">
</Event><Event ErrorLevel="1" Project="jbig" Source="jbig\jbig.vcproj" Description="MSB8012: $(TargetPath) ('E:\MyLibrary\DuiLib\3rd\CxImage\cximage701_full\jbig\.\Unicode_Debug\jbig.lib') does not match the Librarian's OutputFile property value '.\Unicode_Debug\jbig.lib' ('E:\MyLibrary\DuiLib\3rd\CxImage\cximage701_full\Unicode_Debug\jbig.lib') in project configuration 'Unicode Debug|Win32'. This may cause your project to build incorrectly. To correct this, please make sure that $(TargetPath) property value matches the value specified in %(Lib.OutputFile).">
</Event><Event ErrorLevel="1" Project="jbig" Source="jbig\jbig.vcproj" Description="MSB8012: $(TargetPath) ('E:\MyLibrary\DuiLib\3rd\CxImage\cximage701_full\jbig\x64\Unicode Debug\jbig.lib') does not match the Librarian's OutputFile property value '.\Unicode_Debug\jbig.lib' ('E:\MyLibrary\DuiLib\3rd\CxImage\cximage701_full\Unicode_Debug\jbig.lib') in project configuration 'Unicode Debug|x64'. This may cause your project to build incorrectly. To correct this, please make sure that $(TargetPath) property value matches the value specified in %(Lib.OutputFile).">
</Event><Event ErrorLevel="0" Project="jbig" Source="jbig\jbig.vcproj" Description="Done converting to new project file 'E:\MyLibrary\DuiLib\3rd\CxImage\cximage701_full\jbig\jbig.vcxproj'.">
</Event><Event ErrorLevel="3" Project="jbig" Source="jbig\jbig.vcproj" Description="Converted">
</Event><Event ErrorLevel="0" Project="Jpeg" Source="jpeg\Jpeg.vcproj" Description="Converting project file 'E:\MyLibrary\DuiLib\3rd\CxImage\cximage701_full\jpeg\Jpeg.vcproj'.">
</Event><Event ErrorLevel="1" Project="Jpeg" Source="jpeg\Jpeg.vcproj" Description="This application has been updated to include settings related to the User Account Control (UAC) feature of Windows Vista. By default, when run on Windows Vista with UAC enabled, this application is marked to run with the same privileges as the process that launched it. This marking also disables the application from running with virtualization. You can change UAC related settings from the Property Pages of the project.">
</Event><Event ErrorLevel="1" Project="Jpeg" Source="jpeg\Jpeg.vcproj" Description="VCWebServiceProxyGeneratorTool is no longer supported. The tool has been removed from your project settings.">
</Event><Event ErrorLevel="1" Project="Jpeg" Source="jpeg\Jpeg.vcproj" Description="MSB8012: $(TargetPath) ('E:\MyLibrary\DuiLib\3rd\CxImage\cximage701_full\jpeg\.\Unicode_Release\Jpeg.lib') does not match the Librarian's OutputFile property value '.\Unicode_Release\Jpeg.lib' ('E:\MyLibrary\DuiLib\3rd\CxImage\cximage701_full\Unicode_Release\Jpeg.lib') in project configuration 'Unicode Release|Win32'. This may cause your project to build incorrectly. To correct this, please make sure that $(TargetPath) property value matches the value specified in %(Lib.OutputFile).">
</Event><Event ErrorLevel="1" Project="Jpeg" Source="jpeg\Jpeg.vcproj" Description="MSB8012: $(TargetPath) ('E:\MyLibrary\DuiLib\3rd\CxImage\cximage701_full\jpeg\x64\Unicode Release\Jpeg.lib') does not match the Librarian's OutputFile property value '.\Unicode_Release\Jpeg.lib' ('E:\MyLibrary\DuiLib\3rd\CxImage\cximage701_full\Unicode_Release\Jpeg.lib') in project configuration 'Unicode Release|x64'. This may cause your project to build incorrectly. To correct this, please make sure that $(TargetPath) property value matches the value specified in %(Lib.OutputFile).">
</Event><Event ErrorLevel="1" Project="Jpeg" Source="jpeg\Jpeg.vcproj" Description="MSB8012: $(TargetPath) ('E:\MyLibrary\DuiLib\3rd\CxImage\cximage701_full\jpeg\.\Unicode_Debug\Jpeg.lib') does not match the Librarian's OutputFile property value '.\Unicode_Debug\Jpeg.lib' ('E:\MyLibrary\DuiLib\3rd\CxImage\cximage701_full\Unicode_Debug\Jpeg.lib') in project configuration 'Unicode Debug|Win32'. This may cause your project to build incorrectly. To correct this, please make sure that $(TargetPath) property value matches the value specified in %(Lib.OutputFile).">
</Event><Event ErrorLevel="1" Project="Jpeg" Source="jpeg\Jpeg.vcproj" Description="MSB8012: $(TargetPath) ('E:\MyLibrary\DuiLib\3rd\CxImage\cximage701_full\jpeg\x64\Unicode Debug\Jpeg.lib') does not match the Librarian's OutputFile property value '.\Unicode_Debug\Jpeg.lib' ('E:\MyLibrary\DuiLib\3rd\CxImage\cximage701_full\Unicode_Debug\Jpeg.lib') in project configuration 'Unicode Debug|x64'. This may cause your project to build incorrectly. To correct this, please make sure that $(TargetPath) property value matches the value specified in %(Lib.OutputFile).">
</Event><Event ErrorLevel="1" Project="Jpeg" Source="jpeg\Jpeg.vcproj" Description="MSB8012: $(TargetPath) ('E:\MyLibrary\DuiLib\3rd\CxImage\cximage701_full\jpeg\.\Debug\Jpeg.lib') does not match the Librarian's OutputFile property value '.\Debug\Jpeg.lib' ('E:\MyLibrary\DuiLib\3rd\CxImage\cximage701_full\Debug\Jpeg.lib') in project configuration 'Debug|Win32'. This may cause your project to build incorrectly. To correct this, please make sure that $(TargetPath) property value matches the value specified in %(Lib.OutputFile).">
</Event><Event ErrorLevel="1" Project="Jpeg" Source="jpeg\Jpeg.vcproj" Description="MSB8012: $(TargetPath) ('E:\MyLibrary\DuiLib\3rd\CxImage\cximage701_full\jpeg\x64\Debug\Jpeg.lib') does not match the Librarian's OutputFile property value '.\Debug\Jpeg.lib' ('E:\MyLibrary\DuiLib\3rd\CxImage\cximage701_full\Debug\Jpeg.lib') in project configuration 'Debug|x64'. This may cause your project to build incorrectly. To correct this, please make sure that $(TargetPath) property value matches the value specified in %(Lib.OutputFile).">
</Event><Event ErrorLevel="1" Project="Jpeg" Source="jpeg\Jpeg.vcproj" Description="MSB8012: $(TargetPath) ('E:\MyLibrary\DuiLib\3rd\CxImage\cximage701_full\jpeg\.\Release\Jpeg.lib') does not match the Librarian's OutputFile property value '.\Release\Jpeg.lib' ('E:\MyLibrary\DuiLib\3rd\CxImage\cximage701_full\Release\Jpeg.lib') in project configuration 'Release|Win32'. This may cause your project to build incorrectly. To correct this, please make sure that $(TargetPath) property value matches the value specified in %(Lib.OutputFile).">
</Event><Event ErrorLevel="1" Project="Jpeg" Source="jpeg\Jpeg.vcproj" Description="MSB8012: $(TargetPath) ('E:\MyLibrary\DuiLib\3rd\CxImage\cximage701_full\jpeg\x64\Release\Jpeg.lib') does not match the Librarian's OutputFile property value '.\Release\Jpeg.lib' ('E:\MyLibrary\DuiLib\3rd\CxImage\cximage701_full\Release\Jpeg.lib') in project configuration 'Release|x64'. This may cause your project to build incorrectly. To correct this, please make sure that $(TargetPath) property value matches the value specified in %(Lib.OutputFile).">
</Event><Event ErrorLevel="0" Project="Jpeg" Source="jpeg\Jpeg.vcproj" Description="Done converting to new project file 'E:\MyLibrary\DuiLib\3rd\CxImage\cximage701_full\jpeg\Jpeg.vcxproj'.">
</Event><Event ErrorLevel="3" Project="Jpeg" Source="jpeg\Jpeg.vcproj" Description="Converted">
</Event><Event ErrorLevel="0" Project="libdcr" Source="raw\libdcr.vcproj" Description="Converting project file 'E:\MyLibrary\DuiLib\3rd\CxImage\cximage701_full\raw\libdcr.vcproj'.">
</Event><Event ErrorLevel="1" Project="libdcr" Source="raw\libdcr.vcproj" Description="This application has been updated to include settings related to the User Account Control (UAC) feature of Windows Vista. By default, when run on Windows Vista with UAC enabled, this application is marked to run with the same privileges as the process that launched it. This marking also disables the application from running with virtualization. You can change UAC related settings from the Property Pages of the project.">
</Event><Event ErrorLevel="1" Project="libdcr" Source="raw\libdcr.vcproj" Description="VCWebServiceProxyGeneratorTool is no longer supported. The tool has been removed from your project settings.">
</Event><Event ErrorLevel="1" Project="libdcr" Source="raw\libdcr.vcproj" Description="MSB8012: $(TargetPath) ('E:\MyLibrary\DuiLib\3rd\CxImage\cximage701_full\raw\.\Release\libdcr.lib') does not match the Librarian's OutputFile property value '.\Release\libdcr.lib' ('E:\MyLibrary\DuiLib\3rd\CxImage\cximage701_full\Release\libdcr.lib') in project configuration 'Release|Win32'. This may cause your project to build incorrectly. To correct this, please make sure that $(TargetPath) property value matches the value specified in %(Lib.OutputFile).">
</Event><Event ErrorLevel="1" Project="libdcr" Source="raw\libdcr.vcproj" Description="MSB8012: $(TargetPath) ('E:\MyLibrary\DuiLib\3rd\CxImage\cximage701_full\raw\x64\Release\libdcr.lib') does not match the Librarian's OutputFile property value '.\Release\libdcr.lib' ('E:\MyLibrary\DuiLib\3rd\CxImage\cximage701_full\Release\libdcr.lib') in project configuration 'Release|x64'. This may cause your project to build incorrectly. To correct this, please make sure that $(TargetPath) property value matches the value specified in %(Lib.OutputFile).">
</Event><Event ErrorLevel="1" Project="libdcr" Source="raw\libdcr.vcproj" Description="MSB8012: $(TargetPath) ('E:\MyLibrary\DuiLib\3rd\CxImage\cximage701_full\raw\.\Debug\libdcr.lib') does not match the Librarian's OutputFile property value '.\Debug\libdcr.lib' ('E:\MyLibrary\DuiLib\3rd\CxImage\cximage701_full\Debug\libdcr.lib') in project configuration 'Debug|Win32'. This may cause your project to build incorrectly. To correct this, please make sure that $(TargetPath) property value matches the value specified in %(Lib.OutputFile).">
</Event><Event ErrorLevel="1" Project="libdcr" Source="raw\libdcr.vcproj" Description="MSB8012: $(TargetPath) ('E:\MyLibrary\DuiLib\3rd\CxImage\cximage701_full\raw\x64\Debug\libdcr.lib') does not match the Librarian's OutputFile property value '.\Debug\libdcr.lib' ('E:\MyLibrary\DuiLib\3rd\CxImage\cximage701_full\Debug\libdcr.lib') in project configuration 'Debug|x64'. This may cause your project to build incorrectly. To correct this, please make sure that $(TargetPath) property value matches the value specified in %(Lib.OutputFile).">
</Event><Event ErrorLevel="1" Project="libdcr" Source="raw\libdcr.vcproj" Description="MSB8012: $(TargetPath) ('E:\MyLibrary\DuiLib\3rd\CxImage\cximage701_full\raw\.\Unicode_Release\libdcr.lib') does not match the Librarian's OutputFile property value '.\Unicode_Release\libdcr.lib' ('E:\MyLibrary\DuiLib\3rd\CxImage\cximage701_full\Unicode_Release\libdcr.lib') in project configuration 'Unicode Release|Win32'. This may cause your project to build incorrectly. To correct this, please make sure that $(TargetPath) property value matches the value specified in %(Lib.OutputFile).">
</Event><Event ErrorLevel="1" Project="libdcr" Source="raw\libdcr.vcproj" Description="MSB8012: $(TargetPath) ('E:\MyLibrary\DuiLib\3rd\CxImage\cximage701_full\raw\x64\Unicode Release\libdcr.lib') does not match the Librarian's OutputFile property value '.\Unicode_Release\libdcr.lib' ('E:\MyLibrary\DuiLib\3rd\CxImage\cximage701_full\Unicode_Release\libdcr.lib') in project configuration 'Unicode Release|x64'. This may cause your project to build incorrectly. To correct this, please make sure that $(TargetPath) property value matches the value specified in %(Lib.OutputFile).">
</Event><Event ErrorLevel="1" Project="libdcr" Source="raw\libdcr.vcproj" Description="MSB8012: $(TargetPath) ('E:\MyLibrary\DuiLib\3rd\CxImage\cximage701_full\raw\.\Unicode_Debug\libdcr.lib') does not match the Librarian's OutputFile property value '.\Unicode_Debug\libdcr.lib' ('E:\MyLibrary\DuiLib\3rd\CxImage\cximage701_full\Unicode_Debug\libdcr.lib') in project configuration 'Unicode Debug|Win32'. This may cause your project to build incorrectly. To correct this, please make sure that $(TargetPath) property value matches the value specified in %(Lib.OutputFile).">
</Event><Event ErrorLevel="1" Project="libdcr" Source="raw\libdcr.vcproj" Description="MSB8012: $(TargetPath) ('E:\MyLibrary\DuiLib\3rd\CxImage\cximage701_full\raw\x64\Unicode Debug\libdcr.lib') does not match the Librarian's OutputFile property value '.\Unicode_Debug\libdcr.lib' ('E:\MyLibrary\DuiLib\3rd\CxImage\cximage701_full\Unicode_Debug\libdcr.lib') in project configuration 'Unicode Debug|x64'. This may cause your project to build incorrectly. To correct this, please make sure that $(TargetPath) property value matches the value specified in %(Lib.OutputFile).">
</Event><Event ErrorLevel="0" Project="libdcr" Source="raw\libdcr.vcproj" Description="Done converting to new project file 'E:\MyLibrary\DuiLib\3rd\CxImage\cximage701_full\raw\libdcr.vcxproj'.">
</Event><Event ErrorLevel="3" Project="libdcr" Source="raw\libdcr.vcproj" Description="Converted">
</Event><Event ErrorLevel="0" Project="libpsd" Source="libpsd\libpsd.vcproj" Description="Converting project file 'E:\MyLibrary\DuiLib\3rd\CxImage\cximage701_full\libpsd\libpsd.vcproj'.">
</Event><Event ErrorLevel="1" Project="libpsd" Source="libpsd\libpsd.vcproj" Description="This application has been updated to include settings related to the User Account Control (UAC) feature of Windows Vista. By default, when run on Windows Vista with UAC enabled, this application is marked to run with the same privileges as the process that launched it. This marking also disables the application from running with virtualization. You can change UAC related settings from the Property Pages of the project.">
</Event><Event ErrorLevel="1" Project="libpsd" Source="libpsd\libpsd.vcproj" Description="VCWebServiceProxyGeneratorTool is no longer supported. The tool has been removed from your project settings.">
</Event><Event ErrorLevel="1" Project="libpsd" Source="libpsd\libpsd.vcproj" Description="MSB8012: $(TargetPath) ('E:\MyLibrary\DuiLib\3rd\CxImage\cximage701_full\libpsd\.\Unicode_Release\libpsd.lib') does not match the Librarian's OutputFile property value '.\Unicode_Release\libpsd.lib' ('E:\MyLibrary\DuiLib\3rd\CxImage\cximage701_full\Unicode_Release\libpsd.lib') in project configuration 'Unicode Release|Win32'. This may cause your project to build incorrectly. To correct this, please make sure that $(TargetPath) property value matches the value specified in %(Lib.OutputFile).">
</Event><Event ErrorLevel="1" Project="libpsd" Source="libpsd\libpsd.vcproj" Description="MSB8012: $(TargetPath) ('E:\MyLibrary\DuiLib\3rd\CxImage\cximage701_full\libpsd\x64\Unicode Release\libpsd.lib') does not match the Librarian's OutputFile property value '.\Unicode_Release\libpsd.lib' ('E:\MyLibrary\DuiLib\3rd\CxImage\cximage701_full\Unicode_Release\libpsd.lib') in project configuration 'Unicode Release|x64'. This may cause your project to build incorrectly. To correct this, please make sure that $(TargetPath) property value matches the value specified in %(Lib.OutputFile).">
</Event><Event ErrorLevel="1" Project="libpsd" Source="libpsd\libpsd.vcproj" Description="MSB8012: $(TargetPath) ('E:\MyLibrary\DuiLib\3rd\CxImage\cximage701_full\libpsd\.\Release\libpsd.lib') does not match the Librarian's OutputFile property value '.\Release\libpsd.lib' ('E:\MyLibrary\DuiLib\3rd\CxImage\cximage701_full\Release\libpsd.lib') in project configuration 'Release|Win32'. This may cause your project to build incorrectly. To correct this, please make sure that $(TargetPath) property value matches the value specified in %(Lib.OutputFile).">
</Event><Event ErrorLevel="1" Project="libpsd" Source="libpsd\libpsd.vcproj" Description="MSB8012: $(TargetPath) ('E:\MyLibrary\DuiLib\3rd\CxImage\cximage701_full\libpsd\x64\Release\libpsd.lib') does not match the Librarian's OutputFile property value '.\Release\libpsd.lib' ('E:\MyLibrary\DuiLib\3rd\CxImage\cximage701_full\Release\libpsd.lib') in project configuration 'Release|x64'. This may cause your project to build incorrectly. To correct this, please make sure that $(TargetPath) property value matches the value specified in %(Lib.OutputFile).">
</Event><Event ErrorLevel="1" Project="libpsd" Source="libpsd\libpsd.vcproj" Description="MSB8012: $(TargetPath) ('E:\MyLibrary\DuiLib\3rd\CxImage\cximage701_full\libpsd\.\Debug\libpsd.lib') does not match the Librarian's OutputFile property value '.\Debug\libpsd.lib' ('E:\MyLibrary\DuiLib\3rd\CxImage\cximage701_full\Debug\libpsd.lib') in project configuration 'Debug|Win32'. This may cause your project to build incorrectly. To correct this, please make sure that $(TargetPath) property value matches the value specified in %(Lib.OutputFile).">
</Event><Event ErrorLevel="1" Project="libpsd" Source="libpsd\libpsd.vcproj" Description="MSB8012: $(TargetPath) ('E:\MyLibrary\DuiLib\3rd\CxImage\cximage701_full\libpsd\x64\Debug\libpsd.lib') does not match the Librarian's OutputFile property value '.\Debug\libpsd.lib' ('E:\MyLibrary\DuiLib\3rd\CxImage\cximage701_full\Debug\libpsd.lib') in project configuration 'Debug|x64'. This may cause your project to build incorrectly. To correct this, please make sure that $(TargetPath) property value matches the value specified in %(Lib.OutputFile).">
</Event><Event ErrorLevel="1" Project="libpsd" Source="libpsd\libpsd.vcproj" Description="MSB8012: $(TargetPath) ('E:\MyLibrary\DuiLib\3rd\CxImage\cximage701_full\libpsd\.\Unicode_Debug\libpsd.lib') does not match the Librarian's OutputFile property value '.\Unicode_Debug\libpsd.lib' ('E:\MyLibrary\DuiLib\3rd\CxImage\cximage701_full\Unicode_Debug\libpsd.lib') in project configuration 'Unicode Debug|Win32'. This may cause your project to build incorrectly. To correct this, please make sure that $(TargetPath) property value matches the value specified in %(Lib.OutputFile).">
</Event><Event ErrorLevel="1" Project="libpsd" Source="libpsd\libpsd.vcproj" Description="MSB8012: $(TargetPath) ('E:\MyLibrary\DuiLib\3rd\CxImage\cximage701_full\libpsd\x64\Unicode Debug\libpsd.lib') does not match the Librarian's OutputFile property value '.\Unicode_Debug\libpsd.lib' ('E:\MyLibrary\DuiLib\3rd\CxImage\cximage701_full\Unicode_Debug\libpsd.lib') in project configuration 'Unicode Debug|x64'. This may cause your project to build incorrectly. To correct this, please make sure that $(TargetPath) property value matches the value specified in %(Lib.OutputFile).">
</Event><Event ErrorLevel="0" Project="libpsd" Source="libpsd\libpsd.vcproj" Description="Done converting to new project file 'E:\MyLibrary\DuiLib\3rd\CxImage\cximage701_full\libpsd\libpsd.vcxproj'.">
</Event><Event ErrorLevel="3" Project="libpsd" Source="libpsd\libpsd.vcproj" Description="Converted">
</Event><Event ErrorLevel="0" Project="mng" Source="mng\mng.vcproj" Description="Converting project file 'E:\MyLibrary\DuiLib\3rd\CxImage\cximage701_full\mng\mng.vcproj'.">
</Event><Event ErrorLevel="1" Project="mng" Source="mng\mng.vcproj" Description="This application has been updated to include settings related to the User Account Control (UAC) feature of Windows Vista. By default, when run on Windows Vista with UAC enabled, this application is marked to run with the same privileges as the process that launched it. This marking also disables the application from running with virtualization. You can change UAC related settings from the Property Pages of the project.">
</Event><Event ErrorLevel="1" Project="mng" Source="mng\mng.vcproj" Description="VCWebServiceProxyGeneratorTool is no longer supported. The tool has been removed from your project settings.">
</Event><Event ErrorLevel="1" Project="mng" Source="mng\mng.vcproj" Description="MSB8012: $(TargetPath) ('E:\MyLibrary\DuiLib\3rd\CxImage\cximage701_full\mng\.\Debug\mng.lib') does not match the Librarian's OutputFile property value '.\Debug\mng.lib' ('E:\MyLibrary\DuiLib\3rd\CxImage\cximage701_full\Debug\mng.lib') in project configuration 'Debug|Win32'. This may cause your project to build incorrectly. To correct this, please make sure that $(TargetPath) property value matches the value specified in %(Lib.OutputFile).">
</Event><Event ErrorLevel="1" Project="mng" Source="mng\mng.vcproj" Description="MSB8012: $(TargetPath) ('E:\MyLibrary\DuiLib\3rd\CxImage\cximage701_full\mng\x64\Debug\mng.lib') does not match the Librarian's OutputFile property value '.\Debug\mng.lib' ('E:\MyLibrary\DuiLib\3rd\CxImage\cximage701_full\Debug\mng.lib') in project configuration 'Debug|x64'. This may cause your project to build incorrectly. To correct this, please make sure that $(TargetPath) property value matches the value specified in %(Lib.OutputFile).">
</Event><Event ErrorLevel="1" Project="mng" Source="mng\mng.vcproj" Description="MSB8012: $(TargetPath) ('E:\MyLibrary\DuiLib\3rd\CxImage\cximage701_full\mng\.\Unicode_Release\mng.lib') does not match the Librarian's OutputFile property value '.\Unicode_Release\mng.lib' ('E:\MyLibrary\DuiLib\3rd\CxImage\cximage701_full\Unicode_Release\mng.lib') in project configuration 'Unicode Release|Win32'. This may cause your project to build incorrectly. To correct this, please make sure that $(TargetPath) property value matches the value specified in %(Lib.OutputFile).">
</Event><Event ErrorLevel="1" Project="mng" Source="mng\mng.vcproj" Description="MSB8012: $(TargetPath) ('E:\MyLibrary\DuiLib\3rd\CxImage\cximage701_full\mng\x64\Unicode Release\mng.lib') does not match the Librarian's OutputFile property value '.\Unicode_Release\mng.lib' ('E:\MyLibrary\DuiLib\3rd\CxImage\cximage701_full\Unicode_Release\mng.lib') in project configuration 'Unicode Release|x64'. This may cause your project to build incorrectly. To correct this, please make sure that $(TargetPath) property value matches the value specified in %(Lib.OutputFile).">
</Event><Event ErrorLevel="1" Project="mng" Source="mng\mng.vcproj" Description="MSB8012: $(TargetPath) ('E:\MyLibrary\DuiLib\3rd\CxImage\cximage701_full\mng\.\Unicode_Debug\mng.lib') does not match the Librarian's OutputFile property value '.\Unicode_Debug\mng.lib' ('E:\MyLibrary\DuiLib\3rd\CxImage\cximage701_full\Unicode_Debug\mng.lib') in project configuration 'Unicode Debug|Win32'. This may cause your project to build incorrectly. To correct this, please make sure that $(TargetPath) property value matches the value specified in %(Lib.OutputFile).">
</Event><Event ErrorLevel="1" Project="mng" Source="mng\mng.vcproj" Description="MSB8012: $(TargetPath) ('E:\MyLibrary\DuiLib\3rd\CxImage\cximage701_full\mng\x64\Unicode Debug\mng.lib') does not match the Librarian's OutputFile property value '.\Unicode_Debug\mng.lib' ('E:\MyLibrary\DuiLib\3rd\CxImage\cximage701_full\Unicode_Debug\mng.lib') in project configuration 'Unicode Debug|x64'. This may cause your project to build incorrectly. To correct this, please make sure that $(TargetPath) property value matches the value specified in %(Lib.OutputFile).">
</Event><Event ErrorLevel="1" Project="mng" Source="mng\mng.vcproj" Description="MSB8012: $(TargetPath) ('E:\MyLibrary\DuiLib\3rd\CxImage\cximage701_full\mng\.\Release\mng.lib') does not match the Librarian's OutputFile property value '.\Release\mng.lib' ('E:\MyLibrary\DuiLib\3rd\CxImage\cximage701_full\Release\mng.lib') in project configuration 'Release|Win32'. This may cause your project to build incorrectly. To correct this, please make sure that $(TargetPath) property value matches the value specified in %(Lib.OutputFile).">
</Event><Event ErrorLevel="1" Project="mng" Source="mng\mng.vcproj" Description="MSB8012: $(TargetPath) ('E:\MyLibrary\DuiLib\3rd\CxImage\cximage701_full\mng\x64\Release\mng.lib') does not match the Librarian's OutputFile property value '.\Release\mng.lib' ('E:\MyLibrary\DuiLib\3rd\CxImage\cximage701_full\Release\mng.lib') in project configuration 'Release|x64'. This may cause your project to build incorrectly. To correct this, please make sure that $(TargetPath) property value matches the value specified in %(Lib.OutputFile).">
</Event><Event ErrorLevel="0" Project="mng" Source="mng\mng.vcproj" Description="Done converting to new project file 'E:\MyLibrary\DuiLib\3rd\CxImage\cximage701_full\mng\mng.vcxproj'.">
</Event><Event ErrorLevel="3" Project="mng" Source="mng\mng.vcproj" Description="Converted">
</Event><Event ErrorLevel="0" Project="png" Source="png\png.vcproj" Description="Converting project file 'E:\MyLibrary\DuiLib\3rd\CxImage\cximage701_full\png\png.vcproj'.">
</Event><Event ErrorLevel="1" Project="png" Source="png\png.vcproj" Description="This application has been updated to include settings related to the User Account Control (UAC) feature of Windows Vista. By default, when run on Windows Vista with UAC enabled, this application is marked to run with the same privileges as the process that launched it. This marking also disables the application from running with virtualization. You can change UAC related settings from the Property Pages of the project.">
</Event><Event ErrorLevel="1" Project="png" Source="png\png.vcproj" Description="VCWebServiceProxyGeneratorTool is no longer supported. The tool has been removed from your project settings.">
</Event><Event ErrorLevel="1" Project="png" Source="png\png.vcproj" Description="MSB8012: $(TargetPath) ('E:\MyLibrary\DuiLib\3rd\CxImage\cximage701_full\png\.\Debug\png.lib') does not match the Librarian's OutputFile property value '.\Debug\png.lib' ('E:\MyLibrary\DuiLib\3rd\CxImage\cximage701_full\Debug\png.lib') in project configuration 'Debug|Win32'. This may cause your project to build incorrectly. To correct this, please make sure that $(TargetPath) property value matches the value specified in %(Lib.OutputFile).">
</Event><Event ErrorLevel="1" Project="png" Source="png\png.vcproj" Description="MSB8012: $(TargetPath) ('E:\MyLibrary\DuiLib\3rd\CxImage\cximage701_full\png\x64\Debug\png.lib') does not match the Librarian's OutputFile property value '.\Debug\png.lib' ('E:\MyLibrary\DuiLib\3rd\CxImage\cximage701_full\Debug\png.lib') in project configuration 'Debug|x64'. This may cause your project to build incorrectly. To correct this, please make sure that $(TargetPath) property value matches the value specified in %(Lib.OutputFile).">
</Event><Event ErrorLevel="1" Project="png" Source="png\png.vcproj" Description="MSB8012: $(TargetPath) ('E:\MyLibrary\DuiLib\3rd\CxImage\cximage701_full\png\.\Unicode_Release\png.lib') does not match the Librarian's OutputFile property value '.\Unicode_Release\png.lib' ('E:\MyLibrary\DuiLib\3rd\CxImage\cximage701_full\Unicode_Release\png.lib') in project configuration 'Unicode Release|Win32'. This may cause your project to build incorrectly. To correct this, please make sure that $(TargetPath) property value matches the value specified in %(Lib.OutputFile).">
</Event><Event ErrorLevel="1" Project="png" Source="png\png.vcproj" Description="MSB8012: $(TargetPath) ('E:\MyLibrary\DuiLib\3rd\CxImage\cximage701_full\png\x64\Unicode Release\png.lib') does not match the Librarian's OutputFile property value '.\Unicode_Release\png.lib' ('E:\MyLibrary\DuiLib\3rd\CxImage\cximage701_full\Unicode_Release\png.lib') in project configuration 'Unicode Release|x64'. This may cause your project to build incorrectly. To correct this, please make sure that $(TargetPath) property value matches the value specified in %(Lib.OutputFile).">
</Event><Event ErrorLevel="1" Project="png" Source="png\png.vcproj" Description="MSB8012: $(TargetPath) ('E:\MyLibrary\DuiLib\3rd\CxImage\cximage701_full\png\.\Release\png.lib') does not match the Librarian's OutputFile property value '.\Release\png.lib' ('E:\MyLibrary\DuiLib\3rd\CxImage\cximage701_full\Release\png.lib') in project configuration 'Release|Win32'. This may cause your project to build incorrectly. To correct this, please make sure that $(TargetPath) property value matches the value specified in %(Lib.OutputFile).">
</Event><Event ErrorLevel="1" Project="png" Source="png\png.vcproj" Description="MSB8012: $(TargetPath) ('E:\MyLibrary\DuiLib\3rd\CxImage\cximage701_full\png\x64\Release\png.lib') does not match the Librarian's OutputFile property value '.\Release\png.lib' ('E:\MyLibrary\DuiLib\3rd\CxImage\cximage701_full\Release\png.lib') in project configuration 'Release|x64'. This may cause your project to build incorrectly. To correct this, please make sure that $(TargetPath) property value matches the value specified in %(Lib.OutputFile).">
</Event><Event ErrorLevel="1" Project="png" Source="png\png.vcproj" Description="MSB8012: $(TargetPath) ('E:\MyLibrary\DuiLib\3rd\CxImage\cximage701_full\png\.\Unicode_Debug\png.lib') does not match the Librarian's OutputFile property value '.\Unicode_Debug\png.lib' ('E:\MyLibrary\DuiLib\3rd\CxImage\cximage701_full\Unicode_Debug\png.lib') in project configuration 'Unicode Debug|Win32'. This may cause your project to build incorrectly. To correct this, please make sure that $(TargetPath) property value matches the value specified in %(Lib.OutputFile).">
</Event><Event ErrorLevel="1" Project="png" Source="png\png.vcproj" Description="MSB8012: $(TargetPath) ('E:\MyLibrary\DuiLib\3rd\CxImage\cximage701_full\png\x64\Unicode Debug\png.lib') does not match the Librarian's OutputFile property value '.\Unicode_Debug\png.lib' ('E:\MyLibrary\DuiLib\3rd\CxImage\cximage701_full\Unicode_Debug\png.lib') in project configuration 'Unicode Debug|x64'. This may cause your project to build incorrectly. To correct this, please make sure that $(TargetPath) property value matches the value specified in %(Lib.OutputFile).">
</Event><Event ErrorLevel="0" Project="png" Source="png\png.vcproj" Description="Done converting to new project file 'E:\MyLibrary\DuiLib\3rd\CxImage\cximage701_full\png\png.vcxproj'.">
</Event><Event ErrorLevel="3" Project="png" Source="png\png.vcproj" Description="Converted">
</Event><Event ErrorLevel="0" Project="Tiff" Source="tiff\Tiff.vcproj" Description="Converting project file 'E:\MyLibrary\DuiLib\3rd\CxImage\cximage701_full\tiff\Tiff.vcproj'.">
</Event><Event ErrorLevel="1" Project="Tiff" Source="tiff\Tiff.vcproj" Description="This application has been updated to include settings related to the User Account Control (UAC) feature of Windows Vista. By default, when run on Windows Vista with UAC enabled, this application is marked to run with the same privileges as the process that launched it. This marking also disables the application from running with virtualization. You can change UAC related settings from the Property Pages of the project.">
</Event><Event ErrorLevel="1" Project="Tiff" Source="tiff\Tiff.vcproj" Description="VCWebServiceProxyGeneratorTool is no longer supported. The tool has been removed from your project settings.">
</Event><Event ErrorLevel="1" Project="Tiff" Source="tiff\Tiff.vcproj" Description="MSB8012: $(TargetPath) ('E:\MyLibrary\DuiLib\3rd\CxImage\cximage701_full\tiff\.\Debug\Tiff.lib') does not match the Librarian's OutputFile property value '.\Debug\Tiff.lib' ('E:\MyLibrary\DuiLib\3rd\CxImage\cximage701_full\Debug\Tiff.lib') in project configuration 'Debug|Win32'. This may cause your project to build incorrectly. To correct this, please make sure that $(TargetPath) property value matches the value specified in %(Lib.OutputFile).">
</Event><Event ErrorLevel="1" Project="Tiff" Source="tiff\Tiff.vcproj" Description="MSB8012: $(TargetPath) ('E:\MyLibrary\DuiLib\3rd\CxImage\cximage701_full\tiff\x64\Debug\Tiff.lib') does not match the Librarian's OutputFile property value '.\Debug\Tiff.lib' ('E:\MyLibrary\DuiLib\3rd\CxImage\cximage701_full\Debug\Tiff.lib') in project configuration 'Debug|x64'. This may cause your project to build incorrectly. To correct this, please make sure that $(TargetPath) property value matches the value specified in %(Lib.OutputFile).">
</Event><Event ErrorLevel="1" Project="Tiff" Source="tiff\Tiff.vcproj" Description="MSB8012: $(TargetPath) ('E:\MyLibrary\DuiLib\3rd\CxImage\cximage701_full\tiff\.\Release\Tiff.lib') does not match the Librarian's OutputFile property value '.\Release\Tiff.lib' ('E:\MyLibrary\DuiLib\3rd\CxImage\cximage701_full\Release\Tiff.lib') in project configuration 'Release|Win32'. This may cause your project to build incorrectly. To correct this, please make sure that $(TargetPath) property value matches the value specified in %(Lib.OutputFile).">
</Event><Event ErrorLevel="1" Project="Tiff" Source="tiff\Tiff.vcproj" Description="MSB8012: $(TargetPath) ('E:\MyLibrary\DuiLib\3rd\CxImage\cximage701_full\tiff\x64\Release\Tiff.lib') does not match the Librarian's OutputFile property value '.\Release\Tiff.lib' ('E:\MyLibrary\DuiLib\3rd\CxImage\cximage701_full\Release\Tiff.lib') in project configuration 'Release|x64'. This may cause your project to build incorrectly. To correct this, please make sure that $(TargetPath) property value matches the value specified in %(Lib.OutputFile).">
</Event><Event ErrorLevel="1" Project="Tiff" Source="tiff\Tiff.vcproj" Description="MSB8012: $(TargetPath) ('E:\MyLibrary\DuiLib\3rd\CxImage\cximage701_full\tiff\.\Unicode_Release\Tiff.lib') does not match the Librarian's OutputFile property value '.\Unicode_Release\Tiff.lib' ('E:\MyLibrary\DuiLib\3rd\CxImage\cximage701_full\Unicode_Release\Tiff.lib') in project configuration 'Unicode Release|Win32'. This may cause your project to build incorrectly. To correct this, please make sure that $(TargetPath) property value matches the value specified in %(Lib.OutputFile).">
</Event><Event ErrorLevel="1" Project="Tiff" Source="tiff\Tiff.vcproj" Description="MSB8012: $(TargetPath) ('E:\MyLibrary\DuiLib\3rd\CxImage\cximage701_full\tiff\x64\Unicode Release\Tiff.lib') does not match the Librarian's OutputFile property value '.\Unicode_Release\Tiff.lib' ('E:\MyLibrary\DuiLib\3rd\CxImage\cximage701_full\Unicode_Release\Tiff.lib') in project configuration 'Unicode Release|x64'. This may cause your project to build incorrectly. To correct this, please make sure that $(TargetPath) property value matches the value specified in %(Lib.OutputFile).">
</Event><Event ErrorLevel="1" Project="Tiff" Source="tiff\Tiff.vcproj" Description="MSB8012: $(TargetPath) ('E:\MyLibrary\DuiLib\3rd\CxImage\cximage701_full\tiff\.\Unicode_Debug\Tiff.lib') does not match the Librarian's OutputFile property value '.\Unicode_Debug\Tiff.lib' ('E:\MyLibrary\DuiLib\3rd\CxImage\cximage701_full\Unicode_Debug\Tiff.lib') in project configuration 'Unicode Debug|Win32'. This may cause your project to build incorrectly. To correct this, please make sure that $(TargetPath) property value matches the value specified in %(Lib.OutputFile).">
</Event><Event ErrorLevel="1" Project="Tiff" Source="tiff\Tiff.vcproj" Description="MSB8012: $(TargetPath) ('E:\MyLibrary\DuiLib\3rd\CxImage\cximage701_full\tiff\x64\Unicode Debug\Tiff.lib') does not match the Librarian's OutputFile property value '.\Unicode_Debug\Tiff.lib' ('E:\MyLibrary\DuiLib\3rd\CxImage\cximage701_full\Unicode_Debug\Tiff.lib') in project configuration 'Unicode Debug|x64'. This may cause your project to build incorrectly. To correct this, please make sure that $(TargetPath) property value matches the value specified in %(Lib.OutputFile).">
</Event><Event ErrorLevel="0" Project="Tiff" Source="tiff\Tiff.vcproj" Description="Done converting to new project file 'E:\MyLibrary\DuiLib\3rd\CxImage\cximage701_full\tiff\Tiff.vcxproj'.">
</Event><Event ErrorLevel="3" Project="Tiff" Source="tiff\Tiff.vcproj" Description="Converted">
</Event><Event ErrorLevel="0" Project="zlib" Source="zlib\zlib.vcproj" Description="Converting project file 'E:\MyLibrary\DuiLib\3rd\CxImage\cximage701_full\zlib\zlib.vcproj'.">
</Event><Event ErrorLevel="1" Project="zlib" Source="zlib\zlib.vcproj" Description="This application has been updated to include settings related to the User Account Control (UAC) feature of Windows Vista. By default, when run on Windows Vista with UAC enabled, this application is marked to run with the same privileges as the process that launched it. This marking also disables the application from running with virtualization. You can change UAC related settings from the Property Pages of the project.">
</Event><Event ErrorLevel="1" Project="zlib" Source="zlib\zlib.vcproj" Description="VCWebServiceProxyGeneratorTool is no longer supported. The tool has been removed from your project settings.">
</Event><Event ErrorLevel="1" Project="zlib" Source="zlib\zlib.vcproj" Description="MSB8012: $(TargetPath) ('E:\MyLibrary\DuiLib\3rd\CxImage\cximage701_full\zlib\.\Unicode_Release\zlib.lib') does not match the Librarian's OutputFile property value '.\Unicode_Release\zlib.lib' ('E:\MyLibrary\DuiLib\3rd\CxImage\cximage701_full\Unicode_Release\zlib.lib') in project configuration 'Unicode Release|Win32'. This may cause your project to build incorrectly. To correct this, please make sure that $(TargetPath) property value matches the value specified in %(Lib.OutputFile).">
</Event><Event ErrorLevel="1" Project="zlib" Source="zlib\zlib.vcproj" Description="MSB8012: $(TargetPath) ('E:\MyLibrary\DuiLib\3rd\CxImage\cximage701_full\zlib\x64\Unicode Release\zlib.lib') does not match the Librarian's OutputFile property value '.\Unicode_Release\zlib.lib' ('E:\MyLibrary\DuiLib\3rd\CxImage\cximage701_full\Unicode_Release\zlib.lib') in project configuration 'Unicode Release|x64'. This may cause your project to build incorrectly. To correct this, please make sure that $(TargetPath) property value matches the value specified in %(Lib.OutputFile).">
</Event><Event ErrorLevel="1" Project="zlib" Source="zlib\zlib.vcproj" Description="MSB8012: $(TargetPath) ('E:\MyLibrary\DuiLib\3rd\CxImage\cximage701_full\zlib\.\Unicode_Debug\zlib.lib') does not match the Librarian's OutputFile property value '.\Unicode_Debug\zlib.lib' ('E:\MyLibrary\DuiLib\3rd\CxImage\cximage701_full\Unicode_Debug\zlib.lib') in project configuration 'Unicode Debug|Win32'. This may cause your project to build incorrectly. To correct this, please make sure that $(TargetPath) property value matches the value specified in %(Lib.OutputFile).">
</Event><Event ErrorLevel="1" Project="zlib" Source="zlib\zlib.vcproj" Description="MSB8012: $(TargetPath) ('E:\MyLibrary\DuiLib\3rd\CxImage\cximage701_full\zlib\x64\Unicode Debug\zlib.lib') does not match the Librarian's OutputFile property value '.\Unicode_Debug\zlib.lib' ('E:\MyLibrary\DuiLib\3rd\CxImage\cximage701_full\Unicode_Debug\zlib.lib') in project configuration 'Unicode Debug|x64'. This may cause your project to build incorrectly. To correct this, please make sure that $(TargetPath) property value matches the value specified in %(Lib.OutputFile).">
</Event><Event ErrorLevel="1" Project="zlib" Source="zlib\zlib.vcproj" Description="MSB8012: $(TargetPath) ('E:\MyLibrary\DuiLib\3rd\CxImage\cximage701_full\zlib\.\Debug\zlib.lib') does not match the Librarian's OutputFile property value '.\Debug\zlib.lib' ('E:\MyLibrary\DuiLib\3rd\CxImage\cximage701_full\Debug\zlib.lib') in project configuration 'Debug|Win32'. This may cause your project to build incorrectly. To correct this, please make sure that $(TargetPath) property value matches the value specified in %(Lib.OutputFile).">
</Event><Event ErrorLevel="1" Project="zlib" Source="zlib\zlib.vcproj" Description="MSB8012: $(TargetPath) ('E:\MyLibrary\DuiLib\3rd\CxImage\cximage701_full\zlib\x64\Debug\zlib.lib') does not match the Librarian's OutputFile property value '.\Debug\zlib.lib' ('E:\MyLibrary\DuiLib\3rd\CxImage\cximage701_full\Debug\zlib.lib') in project configuration 'Debug|x64'. This may cause your project to build incorrectly. To correct this, please make sure that $(TargetPath) property value matches the value specified in %(Lib.OutputFile).">
</Event><Event ErrorLevel="1" Project="zlib" Source="zlib\zlib.vcproj" Description="MSB8012: $(TargetPath) ('E:\MyLibrary\DuiLib\3rd\CxImage\cximage701_full\zlib\.\Release\zlib.lib') does not match the Librarian's OutputFile property value '.\Release\zlib.lib' ('E:\MyLibrary\DuiLib\3rd\CxImage\cximage701_full\Release\zlib.lib') in project configuration 'Release|Win32'. This may cause your project to build incorrectly. To correct this, please make sure that $(TargetPath) property value matches the value specified in %(Lib.OutputFile).">
</Event><Event ErrorLevel="1" Project="zlib" Source="zlib\zlib.vcproj" Description="MSB8012: $(TargetPath) ('E:\MyLibrary\DuiLib\3rd\CxImage\cximage701_full\zlib\x64\Release\zlib.lib') does not match the Librarian's OutputFile property value '.\Release\zlib.lib' ('E:\MyLibrary\DuiLib\3rd\CxImage\cximage701_full\Release\zlib.lib') in project configuration 'Release|x64'. This may cause your project to build incorrectly. To correct this, please make sure that $(TargetPath) property value matches the value specified in %(Lib.OutputFile).">
</Event><Event ErrorLevel="0" Project="zlib" Source="zlib\zlib.vcproj" Description="Done converting to new project file 'E:\MyLibrary\DuiLib\3rd\CxImage\cximage701_full\zlib\zlib.vcxproj'.">
</Event><Event ErrorLevel="3" Project="zlib" Source="zlib\zlib.vcproj" Description="Converted">
</Event><Event ErrorLevel="0" Project="" Source="CxImgLib.sln" Description="成功转换解决方案">
</Event><Event ErrorLevel="3" Project="" Source="CxImgLib.sln" Description="Converted">
</Event></UpgradeLog>